Country,1990,1991,1992,1993,1994,1995,1996,1997,1998,1999,2000,2001,2002,2003,2004,2005,2006,2007,2008,2009,2010,2011,2012,2013,2014,2015,2016,2017,2018,2019,2020,2021,2022,2023,2024,2025
,,,,,,,,,,,,,,,,,,,,,,,,,,,,,,,,,,,,
Algeria,25.71067821,27.79504763,28.72666198,32.82139387,31.05385236,29.38094454,28.19490272,30.40054672,30.93947632,31.84289133,28.57092276,31.25140167,34.28508888,32.20215905,30.76497374,27.10796086,28.85343539,33.23646709,37.94968779,42.59955095,37.25068752,40.12316814,43.54316578,36.18553091,40.60555704,45.81149314,41.66520503,39.2049333,38.16609902,38.24069924,39.63925727,39.14599591,36.89555951,36.05245674,35.26236647,34.65118625
Angola,no data,no data,no data,no data,no data,no data,33.19659073,35.18620946,34.33861951,51.77244107,40.56833244,34.28687735,31.22300245,34.39991323,29.80317185,26.52675255,30.60394192,38.1285388,52.66600839,45.00704996,39.39449042,37.4018523,37.20887261,37.04958211,36.45676464,27.05110493,22.04314336,23.80564965,19.69477508,19.22274468,20.73253093,19.80794742,19.26967714,18.45344786,17.81254767,17.16875164
Argentina,no data,no data,no data,22.01716795,22.93757057,22.86244414,22.68677849,22.58579737,23.13040953,25.47128762,25.24723778,26.43249924,21.85305415,22.02588763,23.02953208,24.42556013,26.61666182,29.55058817,30.76234775,34.52443593,33.35806863,34.90190054,36.82142314,37.60293345,38.8529315,41.36633005,41.52202068,41.12145402,39.49045409,38.32673969,no data,no data,no data,no data,no data,no data
Australia,30.54426489,33.12652858,34.11430479,34.19938078,33.81985737,33.77553681,33.63195419,32.88421732,34.72284499,36.29875322,35.31699367,35.75068805,35.00358804,35.01217192,34.94264876,34.69136637,34.63300806,34.38440511,35.11340654,37.82519665,37.03264352,36.35188573,36.57725386,36.49381321,36.83247857,37.3362983,37.28199843,36.74072747,36.87566466,38.45089813,44.49445812,44.05823232,40.70616963,39.08002036,38.18301479,36.88614448
Austria,46.56991062,47.59445631,49.00257821,54.00949751,54.0185514,55.82130017,55.62919632,52.27617411,54.0539281,50.30500278,50.65414177,51.35695665,52.43035488,49.92590867,53.70443024,51.15420204,50.37804248,49.24167365,49.87097374,54.1410048,52.8353756,50.89196224,51.21301503,51.6476506,52.32488089,51.02716711,50.06780022,48.93109779,48.64965346,48.21019863,58.33449436,52.50210016,51.0206348,50.68064973,49.89584677,49.39388209
Azerbaijan,no data,no data,no data,no data,24.28377174,18.66519824,19.74989197,20.19072015,18.72149753,19.50477069,18.23970656,16.78481176,23.13878407,21.66205181,24.21585147,22.49795845,25.2990803,26.06772667,31.43901774,34.5063526,31.95804039,33.73461955,36.63643664,37.77934163,36.37419252,38.68008124,35.37801374,35.59312045,33.13382073,33.42273981,42.28733219,41.39905724,40.68566375,39.88304597,38.97962042,38.33035562
Bangladesh,10.7739516,10.44877403,10.37162174,11.48329604,11.84763054,12.33537017,11.5444288,11.63936605,11.49472251,10.0297621,11.40752156,12.72936554,12.29980523,12.14688033,11.7481278,12.20708887,12.13114985,11.53201584,13.82351627,12.66863885,12.69919566,13.95156614,14.22401781,14.60985991,13.99714097,13.76927934,13.4468741,13.55956634,14.30188671,15.10718808,14.9698536,14.89525563,15.24643058,15.01609514,14.35994912,14.22343601
Belarus,no data,no data,no data,no data,no data,no data,no data,no data,no data,no data,no data,43.83043772,45.27474778,45.01652394,45.49929408,46.51532648,48.81447376,50.84357953,62.03565883,51.70276824,44.31854037,40.29452237,38.8925627,40.81303968,38.83644865,41.77011358,40.68321674,39.04208857,37.84462233,38.59865509,40.72919556,39.11548738,38.58058985,37.33767475,37.16678618,37.15733142
Belgium,54.36929385,55.62531076,55.91185207,57.05795629,54.66036356,52.64503133,53.05196745,51.60173315,50.95927333,50.49718125,49.39838362,49.37934818,49.90367971,51.04715133,49.31884644,51.86206808,48.78945475,48.56288506,50.77548317,54.68068219,53.87828386,55.30441421,56.47752962,56.11624415,55.59977072,53.71958858,53.09508148,51.91917606,52.23695463,52.27322786,61.2915079,56.38022961,55.53718129,55.32025246,55.47500384,55.42626624
Benin,13.26021763,12.60458956,13.4646841,11.98421878,13.55957461,14.77756252,13.28105291,12.69455572,10.89089607,10.74597005,15.64145423,15.4474579,15.28399511,13.68591036,13.35955213,14.13852488,13.00582298,15.80946551,14.54941707,16.99679649,14.07577898,14.72778322,14.23593316,14.8940283,14.22455653,18.15256298,15.42778642,17.78497173,16.56750801,14.6011117,17.41977872,17.45903048,16.99198886,16.74353716,16.31834183,16.16173141
Bolivia,22.77613215,24.18092033,25.25327798,27.18143385,26.76665075,25.78057966,26.04760684,28.27968646,29.97289953,29.36430855,29.31436442,31.95486251,33.292648,31.9897384,32.34451189,33.18251324,29.83408691,32.65260244,35.33283538,35.81952158,31.49965639,35.35582063,36.0381816,38.43103113,43.25670383,44.59015488,39.92912071,38.59775622,37.09485575,36.06655671,36.13463283,34.15578015,33.12560185,32.28987083,31.70649381,31.09382807
Brazil,no data,no data,no data,no data,no data,no data,38.24935616,38.60092975,40.90043162,39.58862498,34.48192777,36.23316867,38.91632404,40.99211602,38.17061158,39.76205699,39.1956731,37.61921358,37.41172973,37.10045733,39.89304715,37.57554218,37.22775572,37.4460061,38.516849,38.48202726,39.63903391,38.3028057,38.08842656,37.8580438,44.82456566,36.33278921,36.29927565,36.2874052,36.28935593,36.14635524
Burkina Faso,18.42248137,16.96855283,16.7498448,17.86468498,17.82985446,19.43548402,19.75207986,20.02601935,19.7406434,21.39428494,19.82713696,19.65976603,19.46650921,17.59845392,20.25718415,20.21697232,21.87810798,22.83847893,18.59056787,21.51911554,21.65504807,20.43603138,22.66797569,25.26057384,20.92772387,20.35874226,21.64984443,26.13070409,23.75777019,23.86765131,28.16033992,25.70208482,25.48699004,25.15721135,24.9090476,25.19315713
Cambodia,no data,no data,no data,no data,no data,no data,15.66490371,12.41708393,13.40577086,13.8061446,15.04475202,15.13271929,16.87983078,15.74898536,13.86466749,12.33181748,12.95237092,14.40358936,15.3822671,20.39963964,20.90348501,20.59456476,21.67966076,21.36628957,21.71838911,20.27168952,21.11816596,22.37486924,23.17469665,23.0201357,24.01780313,23.8024565,24.15104944,24.54397353,25.09844832,25.01092756
Cameroon,no data,no data,no data,no data,no data,no data,no data,no data,no data,no data,15.23418152,15.40792117,14.79548576,14.41756027,14.45589595,13.50560152,13.49625065,14.38413407,16.63108071,15.72020787,15.96287754,18.60916444,17.77242134,20.02191314,20.86301894,20.90044933,20.90821851,19.82568887,18.54628735,19.05396354,17.32689338,17.51790942,17.19019886,16.61741545,16.50788023,16.31531552
Canada,48.09036939,51.43757312,52.50697348,51.47736993,49.01233882,47.73460507,45.86350389,43.46330351,43.40607816,41.77336256,40.55761339,41.10216916,40.39385303,40.27568904,39.13467607,38.52060017,38.66079471,38.51904814,38.77538335,43.4207495,43.06394534,41.57524282,40.92620352,39.96074117,38.3704831,40.01841803,40.7532331,40.56196164,41.04726205,41.16207542,57.32016826,46.05555624,43.79405087,41.98921104,40.94336722,40.11550593
Chad,no data,no data,no data,no data,no data,15.95313529,15.55283437,15.57410007,13.1613745,16.7193486,18.20839529,15.55008942,17.87908683,19.34327967,12.76002544,11.51028539,13.93197465,17.06091372,18.7948444,24.13864808,24.35449036,22.36826121,23.87877727,22.80497661,21.97789758,18.340267,14.3660173,14.88007968,13.34967233,14.42110198,19.31128047,17.50259783,16.71271899,16.32079207,16.21287308,15.67684912
Chile,21.04563735,21.31699939,20.94145482,21.27841329,20.7289453,19.54801206,20.78077594,20.78084267,22.02203826,23.84982593,22.99725622,23.35966337,23.38955209,22.47232592,20.78496989,20.13628159,18.60636181,19.1949048,21.81292153,24.86974873,23.34842168,22.80375659,23.09968296,23.05645301,23.7532755,24.88472204,25.25907295,25.43482273,25.36128968,25.84942649,29.34797886,29.82780996,27.71264609,27.19073105,26.30000304,25.35509351
"China, People's Republic of",18.20705488,16.64282859,14.74949696,13.52983761,12.46910427,11.17719774,11.09503161,11.62684989,12.73508481,15.02486662,16.26820517,17.43986498,18.46432283,18.22788897,17.87101847,18.26693419,18.338882,18.15100102,22.52521203,25.65447295,25.09436421,27.11906978,28.15872875,28.56443805,28.99315154,31.60542428,31.91813156,31.64680876,32.92704161,33.9718687,36.26211858,36.75098503,35.87489766,34.96406297,34.05064201,33.10599763
Colombia,17.44793986,17.69122994,18.40809449,20.00272347,20.57211148,22.19598711,25.06865461,26.17620681,26.34079388,28.25904984,26.59804312,27.71657473,28.07845121,28.01816807,26.59278578,25.88925455,28.44116365,28.16216752,28.42879281,30.91421702,30.35022573,30.23341517,29.09255369,29.99840388,31.26120388,31.27735055,29.99365757,29.32049071,34.7232779,31.85796305,35.45101283,32.81163532,30.59287334,30.09326222,29.35561446,29.20449773
"Congo, Dem. Rep. of the",no data,no data,no data,no data,no data,no data,2.173257294,2.512073837,2.78476404,2.147378498,2.4828378,4.258294018,4.17344595,9.185948372,7.450820596,8.726318817,9.057554778,9.733984908,11.67121944,12.46966355,15.92084461,13.98460081,13.73568009,12.74954566,18.49012531,17.23167483,14.47644599,10.38772303,11.1388736,12.92301373,12.46770215,14.15681037,14.7982699,15.46582235,15.89697712,15.84946281
"Congo, Republic of ",30.43708631,34.08036208,32.76646953,32.84384328,30.70792083,27.58051138,15.71902964,22.19703996,25.0675574,28.75239093,22.64482237,29.07839862,32.13511536,27.01294704,24.38916427,22.12499954,26.63043233,28.58166786,24.16587356,24.43312914,22.99734613,27.87276878,30.65674214,42.39163181,48.56233299,41.28818245,41.74518119,28.32483956,19.61660275,21.42878636,24.19772264,21.88190891,20.98480186,20.46890699,20.66154085,20.62430191
Croatia,no data,no data,32.27826338,31.27761408,39.46383545,43.73645928,45.29933391,44.93440029,49.40914257,51.25803467,47.45696201,45.95653984,50.72363528,50.04673882,48.83427492,46.92355268,46.50109869,45.57072533,45.84694852,48.87629206,48.54464506,48.96748036,48.32160892,48.25252333,48.73490231,48.6339845,47.42289325,45.34368374,46.29409031,47.12380843,50.62116798,51.03578388,52.8216061,52.63544878,52.57919083,48.60624397
Cyprus,no data,no data,no data,no data,no data,30.41558678,32.44438875,34.2150833,34.38117419,34.32050557,34.97059906,35.71547443,37.42159281,40.38629216,38.63746256,39.68857945,39.12663046,37.56388659,38.21805824,41.88857059,41.80598561,42.19187905,42.01156343,42.20418007,40.48792537,39.64548157,37.61160182,36.90424507,43.44302624,39.49652976,47.74016043,45.79678896,45.54341291,45.61630994,44.89549094,44.40261849
Czech Republic,no data,no data,no data,no data,no data,52.60181945,41.52406307,41.69228787,41.88050397,41.16870833,40.84626799,43.02248126,44.65726638,49.1166487,42.323267,42.00717007,41.14474546,40.17120724,40.44856859,43.93253454,43.1829987,42.7321018,44.16421777,42.14307628,42.12178014,41.43207323,39.75047911,38.9831772,40.5981882,41.15483796,47.91113391,45.30763399,44.56055435,43.92087151,43.21500574,42.17720137
Côte d'Ivoire,no data,no data,no data,no data,no data,no data,no data,15.17228921,14.56502967,13.66806911,12.87746804,11.43906697,13.09799175,12.67483175,13.50821586,13.59668485,14.46141236,14.84240729,14.58951774,14.38534732,14.46547932,13.19710523,16.14189974,15.85735817,15.21366943,16.50272881,17.74340304,18.43351229,17.80312486,17.31716432,19.75969837,18.59732434,17.52795598,17.61840136,17.4730649,17.54711528
Denmark,54.95250463,55.3771766,56.34155458,59.29468607,59.29273211,58.52599608,57.99844489,55.90749383,55.39529523,54.53327008,52.68680416,52.83742342,53.21427356,53.63935713,52.99733998,51.24153285,49.82975283,49.59139567,50.41077564,56.5363039,56.6732158,56.42931168,57.95492564,55.82037823,55.21771281,54.52764644,52.47861642,51.2400091,50.94271744,49.69235349,57.07192465,53.67047649,51.50570612,50.23711848,50.06395751,49.95094893
Dominican Republic,no data,no data,no data,no data,no data,no data,no data,13.58863114,12.99454924,13.82516942,14.53809359,15.73337239,15.84478377,19.01352349,17.07769399,15.14354664,16.15944808,16.27289563,18.28571972,16.24822344,15.79883696,15.94696909,20.11763051,17.69078224,17.00041812,16.6811487,16.97444931,17.10134019,16.31622966,16.59139188,20.28568895,17.20643272,16.4434587,15.92970074,16.08136157,16.04775831
Ecuador,no data,no data,no data,no data,no data,21.00795678,21.75749762,21.01850446,20.60544337,23.09074201,23.21602027,20.21813796,21.58114324,20.3082943,20.47772519,21.3928439,21.21267986,24.12465701,35.23338354,32.96619655,34.68107917,39.46967172,40.25451073,43.73743445,43.59365822,39.67928396,38.56450597,36.51100796,38.50017613,36.59769883,39.01283512,34.56659254,34.0125533,33.33048241,33.13390224,33.2981145
Egypt,no data,no data,no data,no data,no data,no data,no data,no data,no data,26.25137426,25.99242663,27.86203743,30.92363613,30.63805752,30.11828178,30.30993481,34.5404403,31.26086375,32.68855683,32.52613741,31.35770979,30.54850496,30.83639637,34.62047409,35.6736684,32.96436854,32.73411087,32.18980403,30.10727002,27.5291152,26.64786012,28.05426986,25.37051728,25.01210269,24.99624688,25.10072484
Estonia,no data,no data,no data,no data,no data,39.58994315,38.70097927,35.86805063,38.97665946,40.63709816,36.3346856,34.9460328,35.85892525,35.02091424,34.08774744,33.75830395,33.46993075,33.77149708,39.46018491,45.83790113,40.1199136,37.07176995,39.05045497,38.24804725,37.6229126,39.38222192,39.01879855,38.87332209,39.11809916,38.98495965,40.75651308,42.85428811,42.71914439,42.88317852,42.65980351,42.62303445
Ethiopia,20.25580975,16.82037826,13.82388161,13.375378,17.11571189,16.88686018,18.24625001,17.30840719,20.35391426,25.84222226,25.59829459,22.43806725,24.86954558,27.04148114,23.14907361,22.89002928,22.06701617,20.52142422,18.75603072,17.11277509,18.4832356,18.22813019,16.64824062,17.75578891,17.48374454,17.32573465,18.2246779,17.98671978,16.09952697,15.32161368,15.0050378,14.99229329,15.89674375,16.66397217,17.07364988,17.0678269
Finland,47.08652236,55.77110826,60.81506657,63.58721772,62.1365376,59.97422602,58.42892548,54.89183896,51.31895679,49.91411642,46.90930945,46.22479741,47.44150964,48.27379423,48.1852883,49.18542447,48.26168181,46.67721519,47.87532494,54.09112668,53.90686871,53.6576127,55.4405408,56.82333191,57.27680923,56.49170944,55.65746283,53.73451421,53.38437572,53.19903391,59.93729619,57.59609085,55.81458239,55.08770822,54.53993505,54.29286402
France,50.13222014,51.27163474,52.59124142,55.2044927,54.62530946,54.80881543,54.88099174,54.53059576,52.92448532,52.63008753,51.65228918,51.71830711,52.79523173,53.2705042,52.98485522,53.29409,52.875712,52.56552108,53.29630894,57.15185016,56.88178504,56.29068452,57.10727287,57.22781481,57.21360242,56.79757209,56.66029133,56.47898654,55.66337257,55.56282949,63.08969853,59.09400216,57.28158408,56.18997059,55.88537943,55.75494717
Germany,no data,46.46758734,47.3170746,48.22975744,48.27689869,55.11704256,49.41906338,48.56834,48.14527258,48.21207295,47.75775334,47.4162501,47.87154477,48.30419114,46.79149798,46.82079788,45.23529609,43.39773159,44.19950599,48.20033282,48.14163157,45.23842053,44.9179874,44.94438615,44.30302347,44.14109537,44.35372631,44.19695938,44.45824557,45.17446833,53.91411899,49.01910483,45.90884938,45.90558521,45.63849123,45.67072625
Ghana,7.025380958,7.56217222,9.863518528,13.13705742,13.87004012,13.99298543,13.37707118,12.90595656,12.7311151,11.98666883,12.90476202,14.78315079,11.4262316,13.02162183,14.77171534,13.86292218,15.43727152,18.04236362,17.78843899,17.65958691,20.01113286,19.60017495,22.11280761,21.7087807,21.40486122,18.94611232,20.30837102,18.00190814,21.45074118,21.07882368,28.25723295,22.02181961,21.67877122,22.19339,21.69872126,20.82601146
Greece,37.96845979,34.70600572,36.39345731,38.08987698,36.41131019,45.99952721,45.08283432,43.70597671,45.14900649,46.15401864,46.4257648,45.98604413,45.79685674,46.59176658,47.61454913,45.56167876,45.11663347,47.06933969,50.84548948,54.08446791,52.51049635,54.12961469,52.81584067,51.64568734,50.2725909,50.67528687,48.99729015,47.3967573,46.91902076,46.19750768,57.29740176,51.29225064,50.13986403,49.45049228,48.26719774,46.71767687
Guinea,18.71717189,16.29161412,13.86528439,13.29615677,12.62823886,12.69705543,11.97917329,12.72433261,10.5953668,11.62177864,12.65714428,15.00291923,14.56252446,14.7707471,13.01888289,11.00850072,13.21525221,8.673820807,10.08513345,16.24984495,20.51065782,16.0414822,20.04096767,18.63887078,20.17811156,21.70178797,16.13662662,17.32598367,15.60838987,14.59356944,17.30143139,17.95322106,17.99535128,18.23098136,18.88958188,19.03493176
Haiti,no data,no data,no data,no data,no data,no data,no data,9.402121327,9.303321454,11.90732786,10.76481231,10.74973988,11.58747274,12.76013864,12.58775523,14.58145171,15.28713604,18.02585873,17.94708575,20.3446927,22.63122119,24.45302295,28.55552266,27.95898514,25.23489802,21.67265678,18.68888755,17.69990244,18.98695981,14.43114057,19.6897991,21.90820046,18.64902847,19.79196635,20.49094044,21.15008949
Honduras,19.38284984,20.77609953,21.64496241,24.53133892,19.0288062,17.2126297,18.6658941,19.39309113,19.41920977,23.3205278,22.09884442,25.06578448,26.8087552,26.44129911,25.54397263,23.60958723,24.39370363,24.44874016,26.40903463,28.35164224,26.46322181,25.91185476,26.35606747,29.5756069,27.63790656,26.02189018,27.38256279,26.89915623,26.26294596,25.71882011,28.62443969,29.46532244,28.01981317,28.17604927,28.35401799,28.41107561
Hong Kong SAR,13.83870203,12.80905372,13.54350123,15.30925036,15.37750542,16.0673425,14.37202535,14.13537454,18.54805488,17.07695672,17.45661701,18.24304081,18.50658691,19.56065432,18.20866369,16.19996713,15.00655581,13.93141323,18.79084311,17.28623897,16.59298594,18.62507888,18.29390069,20.03516538,17.25272954,18.03642108,18.25246565,17.3600249,18.39194406,20.92031698,28.54680852,26.31594518,21.61480736,21.54068119,21.54794168,21.54247339
Hungary,no data,no data,no data,no data,no data,55.10645709,50.828208,49.40624094,50.67525547,48.65749188,47.15789161,47.16386448,50.88073157,48.95401653,48.48180215,49.35771932,51.28026679,49.74813988,48.42569441,50.26208069,49.2000165,49.35010965,49.36901192,50.1636298,50.21496461,50.64040958,47.20181993,46.97345888,46.6697792,46.05071851,52.08971822,48.81152978,48.41800708,46.669224,45.29180157,44.9170613
Iceland,42.26858538,42.53342199,44.34784888,44.76352802,44.63078667,44.03402965,43.3408575,41.78373031,40.65246895,41.36670139,40.96251925,41.51918179,42.82434469,44.30153924,42.58158923,41.30284706,40.71966954,40.58999811,54.49582404,47.3887926,47.78477437,44.22507887,43.82990114,42.39648344,43.81252532,41.37521862,44.50989508,42.93391262,42.26520982,41.84411443,48.09251372,45.686184,44.96107723,44.40427157,44.06119966,43.52676746
India,25.37149754,26.80147855,26.22926192,25.74205238,25.75625289,24.54938513,23.94404158,24.79637299,25.58571776,25.40422838,25.63605208,27.78837908,28.613299,29.42573808,27.95920009,26.43071772,26.6585538,26.46690464,28.69003936,28.05205601,27.44729154,27.64058169,27.36385502,26.5999481,26.22044208,27.05679614,27.23089444,26.21723581,26.50865272,27.51964907,31.15742836,29.97145166,29.55900312,29.33393788,29.15726967,28.99397599
Indonesia,no data,no data,no data,14.09342495,13.52380709,11.9070424,11.50798782,15.24950934,15.07877225,15.14017535,15.30287064,19.50874835,16.92889761,18.17600295,17.83322522,17.43604953,18.49502715,18.72938171,19.3940013,17.026393,16.88630257,17.71309564,18.83580439,19.08118867,18.6062452,17.47816164,16.82377448,16.56237752,16.6313568,16.38156805,18.12199438,17.39202067,16.32052539,15.71797391,15.8598608,15.79302145
Iran,20.20260076,17.2327122,17.9962145,32.94150892,27.18839947,25.41833637,21.15269498,21.04332007,20.23272424,19.07918392,16.30300776,16.57534865,19.95653157,19.8475581,18.23972231,20.90077182,22.7140158,18.9259009,21.28525913,19.89114506,18.38625315,18.30632815,14.26767218,14.37765345,15.40942675,17.88477701,19.54908056,19.34882486,18.0635819,17.02394263,18.90782707,18.5370149,19.26850459,19.89119611,20.39775211,20.77769707
Ireland,45.14377958,46.69476314,47.43343852,45.17503875,44.81247795,40.82075509,38.98782033,36.50297726,34.55975117,32.85683456,30.95183974,32.51600685,33.21546482,33.01959249,33.15922149,33.38501413,33.91577968,35.96288197,41.85350108,47.14759526,65.11022044,46.66512486,42.11519228,40.49435233,37.51000082,28.96527183,27.89006909,25.99435282,25.03980247,24.19579437,29.35563397,26.33057836,24.31666638,23.55712781,23.07429949,22.5398112
Israel,no data,no data,no data,no data,no data,no data,no data,no data,no data,no data,44.78485594,47.55691602,51.54002282,46.89600374,44.45755955,43.69001469,42.94136307,41.37774878,42.04362358,42.12814493,40.39633956,39.83514928,40.44069322,40.40019294,38.8516323,37.72149332,37.97840228,38.86926964,39.63985099,39.17929445,46.54518115,41.83419353,40.65939537,40.18509317,39.71107702,39.22714119
Italy,54.02078596,55.16739322,56.62536822,57.6094988,54.90925681,51.61872979,51.48918797,49.49183326,48.15016121,47.21384267,46.53563837,47.33946868,46.6997813,47.17446779,46.87961331,47.24179602,47.7935991,46.7836442,47.83360811,51.11091668,49.92779028,49.17440786,50.59004814,50.9515108,50.85550309,50.31712231,49.07839251,48.76254828,48.54051257,48.70834301,59.71767329,53.75555182,51.50348069,50.18186095,50.00515332,49.96285912
Japan,29.95826356,29.81878461,30.85062954,32.73486349,33.38538658,34.0035162,34.46257552,33.67513351,39.27426275,36.15850075,36.55414975,36.03325705,36.43438526,36.13351709,34.76402948,34.59819065,34.07671618,34.00818374,34.96345511,39.5113391,38.54916719,39.4183331,39.37351338,39.48600439,38.88905106,38.0216397,37.97853819,37.31926549,37.52635312,37.68613133,48.11376484,40.31672446,37.63261664,37.41186952,37.38295442,37.52198647
Kazakhstan,no data,no data,no data,no data,no data,no data,no data,no data,no data,no data,no data,no data,20.52718071,21.35511168,21.26276155,22.00600411,19.79979804,23.70458261,27.06829859,23.47015091,22.4734203,21.23391482,21.91202159,19.80863947,21.26023261,22.87029785,21.51166999,24.08791833,18.84662792,20.24849328,23.12068792,21.97489946,20.48963914,19.99176691,19.84110092,19.65406018
Kenya,22.88097629,21.88798589,23.43855025,25.19727097,25.02975141,23.07481586,20.26539242,20.70893713,20.11021742,18.27738761,18.67032692,19.7008616,21.13307009,21.10453002,20.16914483,21.44701525,21.37066157,22.09519581,22.82591351,23.13416644,24.21224743,23.57209939,24.1760631,25.39622026,27.15034025,27.19455038,27.65003419,26.06383417,25.5992037,25.4143194,25.123286,24.95091308,24.42758366,24.05867771,23.69683418,23.54986421
"Korea, Republic of",no data,no data,no data,no data,no data,13.98091072,14.52559219,14.34773833,16.61839385,16.73582821,16.61340617,17.55713428,16.46237314,18.52483534,19.20178398,18.86924802,19.46106882,19.58373096,19.90870336,20.34876131,18.62828101,19.07001476,19.66646606,19.90472936,19.75758336,19.73811661,19.48759162,19.63786965,20.38291583,22.615112,26.11895491,25.2141278,25.56323811,25.61144644,25.50442841,25.50442841
Kuwait,92.31067389,204.1701362,90.82057011,61.3799223,58.52970498,54.59026823,44.51659313,43.67796197,52.01239513,44.92013289,36.55364825,42.95162103,41.8656082,37.03947449,34.2018137,28.11947718,31.91426729,30.07972714,40.39573269,42.18722333,44.74080879,39.05826806,38.81457906,38.14599276,44.28149353,54.4055355,53.75766339,51.38484114,49.37991186,52.74400387,64.79333113,61.82757231,60.10828701,58.7352926,57.41795552,55.88251962
Kyrgyz Republic,no data,no data,no data,no data,no data,37.87681911,28.61310843,31.14530966,35.92928107,35.8744434,30.21516083,28.08823539,29.34976899,28.07740699,28.45703212,29.066125,29.12956448,29.59542597,27.88414886,32.54145343,37.10699676,37.36743036,40.5838638,38.14707041,38.50805685,38.08371241,38.923045,37.02014382,33.05969426,34.18419921,39.04502271,36.90883199,34.77335414,35.09430978,35.70183231,36.22142321
Lao P.D.R.,no data,no data,no data,no data,no data,no data,no data,no data,no data,no data,19.89080547,18.84565593,16.61958767,16.03925942,13.57004786,15.33288346,14.71802735,15.10845404,16.05416226,20.103202,22.40206444,20.189363,24.7190637,24.23963911,24.98701952,25.78227797,21.08461037,21.56328153,20.90735367,20.38042442,18.25598272,19.51079523,19.72516626,19.84167856,19.54165595,19.461327
Latvia,no data,no data,no data,no data,no data,no data,no data,no data,37.1783231,39.38506106,36.23565972,34.41643701,34.32240981,33.00242911,33.51939872,34.53610618,33.88456126,33.10224229,36.55218544,42.6566331,42.95397688,38.79604222,37.11070696,37.24051302,37.75229239,37.61632711,36.55558939,36.74238024,38.19523998,37.83660884,44.27980762,43.24580694,44.45403467,44.26049076,41.56389602,38.8935397
Libya,30.95602799,28.35505594,26.46973466,31.18496302,29.4444085,28.54688477,31.74510948,35.42381397,33.91133835,27.82098934,27.62716526,38.16446699,42.18468739,43.0574944,42.37236675,29.05454465,31.15450181,33.69913883,48.18619198,72.14267544,57.85671053,59.65112034,45.69184952,88.08777714,143.1051796,181.9494036,144.883307,95.87059402,85.84252378,101.7605516,164.9863653,106.5729041,97.33154312,92.02801911,87.93108366,83.57786095
Lithuania,no data,no data,no data,no data,no data,33.09817259,32.07328017,32.59487498,36.81376803,39.46582574,35.86507231,35.03699318,33.16872305,32.06472597,33.19629995,33.42400599,33.73403508,34.44711615,37.03687321,43.64966839,41.31591654,41.55939749,35.23367298,34.68991344,34.04916705,34.42090146,33.2951948,32.40720807,33.33546893,34.10519317,39.87154145,38.68060195,37.7498151,35.5101844,34.7983415,34.41842088
Luxembourg,no data,no data,no data,no data,no data,42.19645827,42.46035447,43.99649588,43.74154831,41.60667761,37.88589775,38.33838129,41.65939421,43.41754557,44.09693759,43.85720137,39.84199146,37.90063154,39.875159,45.0964802,44.23064478,42.55199863,44.13641609,43.58455467,42.24496431,41.90524298,40.92900677,42.15988256,42.2910724,42.63283598,51.51358794,45.91717156,45.2516745,44.24805011,44.21195704,44.24452033
Madagascar,13.34573643,13.48314876,16.18722109,17.07601286,16.69619858,14.4990893,14.39574551,14.45322936,16.93307359,15.47755458,15.34681293,15.31006781,12.44252137,16.56362905,21.70102948,18.35319265,18.47382833,16.08651443,15.71115384,12.5084011,12.28051546,12.04104337,11.51575067,12.70209081,12.55474915,13.02915712,13.54556502,14.94237681,14.25716354,15.34003454,18.0133919,16.84916953,17.22191982,17.10525713,16.93134419,16.5820822
Malaysia,30.52454428,27.3931833,28.20939358,24.61355529,23.26969871,22.59751301,22.39060894,21.15511186,23.11355311,24.64252134,25.6321232,28.22333505,27.14407224,28.06908648,25.88446297,24.53770213,25.57428779,25.88867659,26.92001252,30.88918582,26.60447171,27.08781554,28.50543052,27.78010348,25.956967,24.7081397,22.69768948,21.9318699,22.72258119,23.87182571,26.78373508,23.91341585,22.93427312,22.89002556,22.52022915,22.45867354
Mali,no data,no data,no data,no data,no data,no data,no data,no data,no data,no data,19.39179826,18.34234877,19.93936289,20.81408491,21.75883525,21.63461177,22.07144652,21.48971263,18.87542286,22.81351598,20.26119959,20.56173672,15.53109396,19.75916447,20.01765205,20.93858004,22.2428144,22.92139054,20.42804807,23.09151443,26.47412964,26.07013036,25.00530059,25.25463212,24.77350191,24.85378156
Malta,no data,no data,no data,no data,no data,no data,no data,no data,no data,no data,42.56806798,44.21306737,43.45603838,45.24261194,42.00958871,42.09717957,42.18950091,40.91168695,42.10427261,41.0726233,39.75906584,40.71283272,41.57399185,40.36707872,39.93210913,38.20056799,35.88030826,34.83594513,36.30462937,37.14849353,46.81049793,42.24434327,40.66752284,39.89892281,39.38219595,39.01183701
Mexico,24.25895765,21.29513321,20.14905719,19.31317315,19.8630476,19.90615609,21.87718717,21.6919175,20.62364263,21.17750064,20.32177233,20.56333676,20.75459845,22.57301791,21.43260693,22.12261758,22.56940067,23.58338184,27.73316463,27.79486123,27.67438594,27.71642946,28.21390872,27.77740856,27.9564494,27.49615117,27.35227224,25.70571888,25.66196281,26.43132938,30.23866061,26.39311906,25.74345251,25.39714094,25.48856344,25.53084452
Moldova,no data,no data,no data,no data,no data,42.02499647,43.29558393,45.95056059,39.09401254,33.01856243,34.02518425,29.50770203,30.73946644,33.50384689,34.80793463,37.11949864,40.29684969,42.71192819,41.49818635,45.29999874,34.09628666,32.56219888,33.66755603,32.44237319,33.39170982,31.90445139,30.11791899,30.4806735,31.37040805,31.40041057,37.86616167,34.22578302,33.34971835,32.98709964,32.86928165,32.86530647
Mongolia,44.23185727,39.38292139,24.91773638,32.76256061,27.52867729,22.75448335,24.4874944,26.37880497,30.96056069,28.40575917,29.54052994,30.05357932,30.34236018,28.81080866,27.32903128,25.11371804,26.19265403,35.30009171,37.62868203,35.45377506,31.57543408,37.93175653,36.05973897,32.15086752,32.1435665,30.83306627,39.65829612,32.33210073,28.4560171,31.7050496,38.40806799,35.06895414,34.33233983,33.91536257,33.46033685,33.08605767
Morocco,24.44427831,22.50822099,24.11321924,25.00972862,23.52659851,23.02018288,19.03490993,20.12734746,20.29050077,19.94752025,24.62499076,25.65054095,27.93620301,26.08113421,26.49054097,30.99068357,28.11514169,28.60313056,30.5778622,30.41659255,31.06962827,33.79822724,35.2161903,32.93279847,32.87451155,30.7029708,30.53818239,30.04832835,29.91592315,30.01747915,35.30929361,32.64297634,31.48611849,31.01384108,30.50327533,30.18679069
Mozambique,20.9646897,18.03591242,21.84891866,21.32411266,23.82192752,19.40920837,14.40403505,16.20337056,14.77916325,16.65991722,18.36023751,22.0937428,19.70079361,19.58770012,18.5828505,17.69443147,20.93275363,21.69967848,21.87810036,26.47682635,27.39638567,29.37730452,28.78994811,32.22301793,40.70724761,32.68605665,29.40458022,29.97819481,32.60574767,30.01614272,31.65267173,31.69126982,30.60244189,29.15316254,26.84140397,24.72567755
Myanmar,no data,no data,no data,no data,no data,no data,no data,no data,22.6039106,20.43844615,19.22516923,17.10833436,13.73544688,12.86214102,13.05163999,13.13308526,13.99209873,14.09776376,12.91131422,12.95501913,14.1499953,13.93884547,18.12632925,22.56117681,23.77712999,24.20819658,23.43291064,20.76670194,21.03148532,20.30361183,21.0622948,21.17091568,20.79697732,20.968092,21.0291696,20.79680623
Nepal,no data,no data,no data,no data,no data,no data,no data,no data,no data,no data,13.03959676,14.71799515,14.82016892,13.639277,13.45857514,13.74351048,12.74045641,14.94770899,15.27403361,19.36901346,18.76869415,18.64446829,19.3048065,17.82017234,18.84545778,20.10427414,21.9490786,27.19304992,31.92424041,30.57441445,28.24910739,31.70166032,30.04180643,29.70799444,29.56929451,29.50795785
Netherlands,48.89438197,49.6562753,50.30999215,50.93732495,49.51122658,52.88137959,46.19891186,44.74022209,43.57473465,42.64445393,41.37635037,42.12139512,42.78949668,43.71034106,42.62855998,41.41895829,42.13509288,41.54497149,42.33742997,46.74941825,47.03975519,45.95538772,45.94251462,45.69582248,44.92629102,43.80268055,42.78641381,41.65652865,41.29022839,42.26934503,48.5390324,46.09355856,44.44110593,43.87043158,43.31816569,42.83785293
New Zealand,49.53949961,53.0057948,52.52874126,46.82299479,42.82149452,41.64809566,39.91321425,39.3399409,40.17600322,39.30490779,38.3067741,37.26658515,36.78812909,36.66254461,36.17268455,37.13991469,37.85424283,37.06291852,38.52882335,40.43028059,43.0280743,42.33042886,39.73721607,38.62660285,37.71140287,37.34394432,36.55372755,35.76848764,36.39578226,39.97409816,46.72374119,44.53141363,41.66049386,40.27035074,39.13021276,38.34650287
Nicaragua,no data,no data,no data,no data,no data,no data,no data,no data,no data,no data,20.6229438,19.28184734,18.78175811,20.94177511,20.85028652,21.29586888,21.38098207,21.50080516,21.89591714,22.74707509,22.58815704,23.53354959,24.08485447,24.20276603,24.587154,25.3377076,26.77553688,27.04665283,27.51274191,27.56542551,30.25588698,29.5407782,28.28432533,28.76937714,29.78640246,30.28414746
Niger,no data,no data,no data,no data,no data,12.44774954,10.83830881,12.85318554,13.59063203,14.91476279,13.45936266,13.69234586,14.40790714,13.9905511,16.01679601,15.50408893,15.15370334,17.34936135,16.83294783,17.63848032,14.25876407,15.29899457,16.60491781,20.41044291,23.56106065,24.23565766,19.35837151,19.5015283,21.09538403,21.56974052,23.85968143,23.27800867,21.42464767,20.82329794,21.03939829,21.27084167
Nigeria,19.96676716,19.16657404,22.45742187,28.16628262,16.98531723,12.4969072,11.07695665,13.6320688,15.71990633,21.00746181,24.74181491,30.85716161,19.38108953,23.20597822,18.33965707,17.81187802,12.31664354,18.13454082,14.3796629,15.43113357,16.59203258,17.29744751,14.36061344,13.71954967,12.97563972,11.07406422,9.966337707,12.00796706,12.82046122,12.61969737,12.65472875,12.08090709,12.22596696,11.64928441,11.95148917,11.94564874
Norway,48.93713831,49.97305201,51.31150648,50.23249706,49.35322373,49.33810518,47.03743222,45.4950465,47.82493698,46.46621078,41.37674121,43.27608746,46.24151039,47.75282112,44.876726,41.93042467,40.63617282,41.15382144,39.98797894,45.80521734,44.71180357,43.53276043,42.67258379,43.7248146,45.52721046,48.4977989,50.6994824,49.64067899,49.23721133,50.80367482,55.3204871,53.71728924,52.39043016,51.56551855,51.24593903,50.44479915
Oman,41.84861232,42.92560998,46.01182147,45.91365169,45.55886616,43.83938497,38.38034763,36.78134494,41.41354829,39.07871224,35.6264723,37.98969302,39.09105455,38.82272564,39.0520647,34.98695479,34.38562669,35.25992153,29.3251219,38.24442575,34.84506567,39.30293471,44.07070213,44.85469389,47.35560245,50.87405045,51.18817347,45.77272342,45.09922161,44.18417759,49.37017659,48.18061586,45.05769961,44.50274995,43.66693693,43.01250982
Pakistan,no data,no data,no data,21.21448454,18.11252472,17.43921897,18.7482765,17.1345154,17.62620175,16.52080867,17.24970001,16.1404425,18.05005252,16.09887158,15.18172916,15.9383668,17.0617174,19.48100313,21.44219673,19.27467026,20.33714814,19.34928246,21.65574539,21.82108392,20.09529365,19.77124422,19.93512919,21.3033565,21.63235692,21.97716705,23.12429195,22.83740168,22.18135076,21.68233273,21.26922119,20.90775538
Papua New Guinea,24.5326224,22.38755105,22.79239015,23.54841856,19.29151552,17.09473983,17.56697846,20.5629616,20.02917971,21.44538143,20.45697155,21.56468413,20.81710907,18.6687766,19.43712733,20.61175412,19.44508674,18.02130282,19.75389375,24.65110216,18.39370175,19.68802221,22.41706024,27.60980644,27.05042935,22.84574602,20.86836293,18.36665426,20.37743354,21.24204741,20.23570889,19.93991501,20.19071139,20.1155571,20.02651412,19.66965541
Peru,no data,no data,no data,no data,no data,no data,no data,no data,no data,no data,21.73499676,20.93364995,19.64899706,20.11300906,19.55789306,20.3787436,19.16206459,18.59314932,19.54176372,21.39956837,20.95335279,19.74180359,20.31723833,21.55678645,22.61773237,22.40186136,21.06200926,21.2394606,21.42037725,21.29623406,27.73110743,24.52780727,23.81734505,23.18043614,22.8076569,22.55514491
Philippines,18.60982464,17.8409984,18.23790996,17.43216482,19.5227975,18.9582847,19.48608403,20.1700546,20.24059698,20.64688995,20.80918337,21.01652942,20.55749617,20.41122279,19.36988364,18.74097558,18.282287,18.18381743,17.88415417,19.20931035,18.3482171,17.14489847,18.06868977,17.85734251,17.30708247,17.92680137,18.65235464,19.06077477,20.85044833,21.68440153,25.28157634,24.84745155,23.95586566,23.95966804,24.07518528,24.07769006
Poland,no data,no data,no data,no data,no data,47.71496157,51.00623574,46.35003722,44.26898966,42.71796794,42.22168038,45.07098713,45.40164971,45.79185039,43.59012914,44.23239318,44.42780917,42.8905945,44.01647944,44.82986344,45.80751772,43.87972382,42.85944341,42.59472007,42.39455252,41.67730921,41.11343077,41.22876638,41.51684088,42.02654344,51.17066136,44.3172611,44.3153044,43.93212983,43.3343917,42.888342
Portugal,42.26233839,46.04636311,48.3295678,46.58671329,42.86044924,42.69129583,43.1611082,42.46056034,42.59686817,42.52154915,42.84311884,44.12359345,44.18162132,45.32708213,46.01835555,46.73970295,45.15217334,44.5495805,45.34073021,50.22296705,51.89863861,50.02280061,48.88883964,49.92146449,51.68827826,48.14509953,44.83671279,45.36799844,43.36615439,42.67331196,50.49192455,47.28324164,46.42524371,45.54563572,44.3116636,43.79012577
Qatar,49.97575397,57.52553188,54.19423742,62.80065108,59.7707206,52.24310515,55.15563184,47.64809596,55.11148606,42.36141618,29.78549275,32.10974419,31.58102163,28.50717987,29.91881735,28.98989669,29.54532457,29.45630916,23.54740606,36.43218829,31.99666844,28.4973686,30.98361722,28.29323312,32.31524876,38.55955603,40.13813799,34.6631516,28.89609823,32.56288945,32.32466499,30.0357343,27.63901222,26.62035269,24.93536248,23.77657103
Russian Federation,no data,no data,no data,no data,no data,no data,no data,no data,39.68279272,34.28674332,30.65071508,31.4642669,33.81792973,32.59868899,29.62839577,29.45786662,29.03975394,31.94151808,32.01041164,38.59613927,35.50483068,33.26121164,34.02869847,34.65186938,34.93819092,35.27345255,36.58621138,34.83017301,32.38153698,33.61800142,37.29452546,35.18379615,34.07506982,34.41026366,34.55244093,33.919566
Rwanda,no data,no data,25.50783847,24.05201742,15.80845147,21.35811283,23.1391033,20.16281265,19.41619084,26.5404725,21.74483728,22.38004043,23.99451694,21.42170191,20.33572803,22.67623644,20.52042036,22.33834221,22.37975151,22.23751545,23.7395007,24.59276812,24.46734435,26.05126676,27.36998048,26.47121303,25.02219208,25.09193948,26.40088407,28.8369161,27.80955789,27.70710631,24.75453285,24.14193117,24.79299532,24.89844415
Saudi Arabia,39.28116576,34.94584772,41.16525702,37.73158333,33.79412854,32.41311922,33.34232689,35.59807991,34.53074071,30.31485793,33.133151,36.93921364,35.86385906,33.11590897,31.09400544,28.15072045,27.26903662,29.45291036,26.67965951,37.06572951,33.01156147,32.84275584,33.23295156,35.52714398,40.21427386,40.81055828,38.68154629,33.30495421,36.57453044,35.61309079,38.91673,37.02154923,35.01255209,34.24425396,33.41700133,32.68439933
Senegal,no data,no data,no data,no data,15.3730295,14.08740112,15.10661202,13.94429974,13.49491919,14.79962751,14.09855679,16.54501753,16.02279444,17.19937348,17.95094493,18.63825571,20.99554918,21.69046731,20.73630851,20.90144818,21.5522051,23.13726596,22.76076916,22.03566242,23.09986474,22.94690564,23.96309153,22.4630224,22.43477221,24.01385678,27.7094498,24.88776784,23.98787549,24.46180791,24.73679539,25.40144968
Singapore,15.05876697,15.85021733,14.52823399,14.51775708,11.72425428,13.80033904,18.09717114,14.54638557,18.0653163,15.88380801,16.12258468,18.21316229,15.93139952,15.64527578,14.06535346,12.37883614,12.27968841,9.014742869,13.97499067,15.85069492,10.23342005,9.66066974,9.826201718,10.91366517,12.57549426,14.44572119,15.19344511,13.65695995,14.01219831,14.34292959,28.45845588,16.14953181,14.89953181,14.89953181,14.89953181,14.89953181
Slovak Republic,no data,no data,no data,no data,no data,48.36803659,53.27033663,48.71013776,45.85114714,47.9659665,52.77232945,45.30677569,45.4472882,40.37936721,37.92200592,39.72617935,38.82071773,36.38061976,36.99438989,44.40757244,42.20263787,41.44246108,40.96549171,42.28511869,43.28712477,45.75379083,42.68747,41.48722451,41.85081563,42.79907233,51.15127174,47.14565072,46.80984118,46.49699336,44.28118382,43.54708161
Slovenia,no data,no data,no data,no data,no data,51.87769866,43.89617446,45.37057782,46.21673029,47.01856431,47.53382733,48.71168023,47.26140832,47.15479848,46.627359,46.3937816,45.53912737,43.40969678,45.0525633,49.36105189,50.17586123,50.85648136,49.3544036,60.26723871,50.84218386,48.71051101,46.23178568,44.07973555,43.56439106,43.67607787,48.48031874,45.78650779,43.95677005,43.5395687,43.54569039,43.48877728
South Africa,no data,no data,no data,no data,no data,no data,no data,no data,no data,no data,25.20260569,25.21046984,24.83040801,25.42764579,25.41130456,28.17309276,27.59261308,27.17480002,28.67154124,31.70925412,31.44664674,30.87691846,31.36751233,31.59411635,31.85240999,32.92667928,32.65646015,32.5993414,33.1879281,35.31874201,41.09097003,38.0253005,36.23780579,34.58382985,33.51541773,32.60106499
Spain,41.12950858,42.66223702,43.91689003,46.33072624,44.8856375,44.18659925,43.03599577,41.5737322,41.05307463,39.89946741,39.10667731,38.41322239,38.63734604,38.37517731,38.8176213,38.48108118,38.43576009,39.25510837,41.44263258,46.23065248,46.03438584,46.15464159,48.6556577,45.83230427,45.11421701,43.8907191,42.4417331,41.19787103,41.71518217,41.91247146,52.7266669,48.03825648,46.29519518,45.01846719,44.06312584,42.89566884
Sri Lanka,26.20646917,27.31181889,23.80385456,23.95706801,24.91358646,25.59806485,23.87479794,22.12629084,22.09306146,21.20063543,22.46414342,23.16082985,21.50207441,19.99597126,19.91523129,20.82391707,21.21414658,20.5450051,19.72940813,21.71975922,19.96059041,19.85261056,17.82426104,17.20886665,17.85746584,20.35336626,19.45537394,19.30549306,18.74709951,20.82619444,18.88364956,18.83087904,19.21049139,19.480567,19.55049938,19.61694591
Sudan,30.96500862,45.70000289,50.42081622,23.68570875,19.55146613,12.87801379,9.305089076,7.380384509,7.789469307,8.395855651,10.36163795,9.866310688,10.54064285,12.54346021,16.51169464,19.74966108,18.82358559,19.5833154,19.71183549,18.75479889,17.35109907,18.23277253,16.4797735,15.32226838,13.50907185,12.23748753,11.63688117,13.63204732,16.83665762,18.77820079,13.67322175,17.09007136,15.492304,16.31119672,16.61104765,16.89132179
Sweden,57.33631124,61.04348432,66.25342637,67.74454871,65.1047607,61.99946192,60.02487178,57.86455029,55.57676721,55.19444962,52.18597173,51.65722675,52.67636672,52.83088797,51.33033283,51.27637035,49.9649226,48.3237247,49.00624309,51.19600427,49.33339975,48.61339009,49.78846332,50.53772611,49.67891643,48.3929942,48.78135624,48.23486831,48.81258561,48.34578137,53.34461051,49.10814151,47.84989431,45.24299698,44.39813365,43.52163852
Switzerland,28.47399335,30.34653888,32.23038429,33.41703196,33.44713635,33.41524436,33.96056243,33.87649014,33.60785552,34.16279128,33.06882091,32.50524357,34.99571796,34.07730174,33.88089098,33.14098026,31.27932402,30.1023692,30.67518129,32.46929135,32.26191495,32.16824008,32.53187886,33.38086603,32.95297563,33.14804784,33.22708558,33.17535327,32.67411912,32.66961241,37.32773835,34.04271677,33.56487903,33.2,33,32.9
Tajikistan,no data,no data,no data,no data,no data,no data,no data,no data,16.7935965,17.54000343,19.15653969,18.39149456,19.18157763,19.08840129,20.300939,22.98288421,21.91651004,27.99594875,27.18079056,28.64381237,26.13852108,27.02684709,24.54484244,27.84015186,28.52080551,31.91643845,38.94605446,35.63188664,31.86886893,29.47952395,30.29375453,29.99795844,30.02438886,30.23122368,30.33563743,30.36028337
Tanzania,no data,14.16344299,17.57987368,16.40978283,16.75379301,15.57589672,13.37637024,12.82848262,11.37124726,12.76056733,12.3242605,12.37690892,13.6092861,15.36367592,17.02299164,18.31367434,17.61913639,17.8458722,18.23975206,19.88397579,19.95993165,18.87435667,19.50262332,18.84230968,17.28856235,17.15079339,16.91065936,16.57257469,16.60592676,16.38451221,17.00144275,17.81985802,17.86454774,17.8497595,17.83675125,17.8751528
Thailand,no data,no data,no data,no data,no data,17.17603524,17.96171,21.63447514,23.92153501,26.47193265,19.34607253,20.82376471,25.71231053,18.28573861,19.33148839,19.5797625,18.73891479,19.99905613,19.22632582,21.72183648,22.0088575,21.11340127,22.25129831,21.63553431,22.18602993,22.18250728,21.34606668,21.52395441,21.36066245,21.84024832,26.23475176,25.94540704,22.76877486,22.9490627,22.94183132,22.91612953
Turkey,no data,no data,no data,no data,no data,no data,no data,no data,no data,no data,39.4755602,44.03749134,41.01317343,38.42795498,34.55950887,32.1122756,34.02834087,33.44450977,34.19106625,37.88915545,35.86434827,33.12302191,34.15099328,33.93567502,33.06426797,33.19582731,34.84310708,33.37163599,34.61520351,35.17594413,36.86619682,36.47527746,36.89081752,36.73761686,36.72113436,36.77801854
Uganda,no data,no data,no data,no data,no data,no data,no data,13.86223441,13.95105092,14.71203301,15.22900174,16.20620732,16.76123431,16.45896429,15.59292651,14.47119313,13.69478998,13.23202148,12.94576773,11.75643739,15.42400024,13.17430948,13.11762115,13.30263148,13.56504512,15.30604985,16.05214737,15.54895347,15.95549065,18.67712774,19.45688358,20.6564669,21.41237796,21.44006841,20.51979487,21.16332884
Ukraine,no data,no data,no data,no data,no data,41.29025961,36.894693,40.81762823,37.0858228,25.84889829,35.46476905,36.67646467,37.88232993,38.88146416,41.61810842,44.19396054,44.58674611,43.65821337,47.11290266,48.62327736,49.15013351,45.70031639,48.97239136,48.10953878,44.77389113,43.04349781,40.55476968,41.48206986,41.71872466,41.44976,46.90465515,45.8898113,44.33187619,43.22903977,43.11359506,43.01910005
United Arab Emirates,no data,35.58736641,29.41951513,30.72860519,30.0985083,26.05974604,28.3281886,22.84828797,26.51561572,24.73571496,21.59802105,25.22851363,21.33277622,20.04999606,17.70737417,15.74370889,15.62723209,17.65459139,21.94997926,34.99691444,32.2306775,31.17128848,29.14133246,30.32722185,33.12741028,32.35972475,31.68321974,30.50769998,28.87026296,30.55746511,35.91320849,33.01121667,31.6567071,30.79674884,30.00934226,29.27016977
United Kingdom,35.01386574,35.8192241,37.91456155,37.89906428,37.58117976,37.69893267,35.72496955,34.81254581,34.43312006,33.996992,34.05762049,34.79408993,35.81409725,37.0830434,37.95851614,38.44410195,38.24043696,38.37555329,40.90422792,44.5505899,44.80546842,43.54208527,43.60148804,41.83863052,41.09685198,40.27526793,39.48322156,39.09368639,38.78256068,38.60724257,53.09134885,45.55137499,43.47639739,42.87025109,42.74527126,42.65654775
United States,no data,no data,no data,no data,no data,no data,no data,no data,no data,no data,no data,32.80018711,33.67947643,34.0330478,33.7255784,33.93112174,33.69019588,34.61116706,37.28561476,41.48147042,39.90968747,38.89494486,37.24313069,35.96794009,35.48356262,35.15184474,35.469121,35.31727539,35.37014561,35.73553116,47.18787061,37.44491387,36.51882323,35.85900886,35.68839705,35.90541837
Uruguay,no data,no data,no data,no data,no data,no data,no data,no data,no data,29.69863377,28.98091946,30.34756566,30.10908586,30.25350249,29.0333388,28.66391783,29.26730934,29.1861163,28.68426801,29.66731524,29.89299633,28.72384891,30.1960745,31.44901403,31.74253352,30.93017642,32.34364736,32.42552809,33.22410349,33.92798673,36.45021661,34.46544149,34.13576605,33.70883787,33.41611898,33.33433556
Uzbekistan,no data,no data,18.46609652,40.47284334,27.73036721,30.06071517,37.15311918,33.73355285,37.22591247,35.6486456,34.81188965,32.44347549,36.69285126,33.41957511,31.16041731,29.74356471,26.18913128,26.31528668,28.06476809,29.1150771,28.15083719,25.18462449,25.39141263,26.75635398,26.22321433,25.87219757,24.54592247,23.43152776,26.03538653,28.22050801,28.85563616,27.25002116,26.4431988,25.75126369,25.50333085,25.70484369
Venezuela,31.93282252,33.89180093,30.64722803,27.66699373,42.21708759,32.86949663,27.72998755,30.98882028,28.7901082,26.10464224,28.29303121,31.89871876,30.98983831,32.1754279,31.9144479,33.53026316,39.26663212,35.94942627,34.87941372,33.26949819,31.09867922,39.36064007,40.28494514,39.66618265,50.11877211,30.31446929,25.15124065,37.70205632,48.42109861,21.35859793,no data,no data,no data,no data,no data,no data
Vietnam,no data,no data,no data,no data,no data,no data,no data,no data,16.01670993,16.70233495,17.7882921,19.19209646,19.74719138,22.19606317,19.44060357,20.62545487,20.53384084,22.2966389,21.38000871,24.97479253,23.72059541,21.22381893,23.4664631,24.45702348,22.75492793,24.17359358,22.23067661,21.52930646,20.51110518,22.83678187,23.00327243,22.97455639,22.55699123,22.4451553,22.33983133,22.00143947
Yemen,26.63623689,24.74287263,24.62995937,25.76263514,25.18204373,24.12726923,30.69773901,34.22412779,34.27012329,28.24835253,31.68862337,30.48918207,30.78284586,35.3166331,34.16209933,36.76916417,37.36871846,40.34947843,41.24697375,35.21489334,30.20349847,29.83996585,36.21800607,30.7973,27.78007819,19.43018107,16.06832953,8.392471485,14.26408483,13.84232787,14.94189408,11.22122443,9.788032576,12.39538042,16.2481955,20.93993812
Zambia,no data,no data,no data,no data,no data,no data,no data,no data,no data,no data,21.40879362,27.96243301,27.57071674,27.31332132,23.27254741,22.45146678,19.69153597,19.92290029,19.45740219,17.80709181,18.0658967,19.52705619,21.52619293,23.83693031,24.69346446,28.30901152,24.3345159,25.06269053,27.35295709,27.86712113,23.99262086,23.93635996,23.25550041,22.47335917,21.53866831,19.76814817
Zimbabwe,no data,no data,no data,no data,no data,no data,no data,no data,no data,no data,no data,no data,no data,no data,no data,15.6743448,8.541998937,5.113147785,3.787215968,11.83486429,18.09008294,23.23720208,20.40359596,20.92024964,20.44823064,20.52502874,23.37221494,22.4838325,17.65307185,16.34176509,16.05470752,15.32797675,14.63317484,14.5530813,14.03086557,14.26319829
Advanced G-20,no data,40.81561714,42.02621759,42.357995,41.91195115,42.06694801,41.13604564,no data,no data,no data,no data,36.66108921,37.28688119,37.98099171,37.61170423,37.60544961,37.28025456,37.60532774,39.51499123,43.3356902,42.05515384,41.24497873,40.44487346,39.79602459,39.24800134,38.51991195,38.54452993,38.29261253,38.37514867,38.68407743,49.34258472,41.74633635,40.12560371,39.45900918,39.21325193,39.22897237
Advanced economies,no data,41.80789813,43.07140306,43.38631716,42.75398823,43.02108036,41.96204429,40.70615533,42.48973806,40.91510924,40.04286949,37.28286726,37.98034609,38.68152706,38.32651053,38.21659977,37.8307463,38.08146953,39.98094393,43.76211611,42.61350356,41.76604503,41.09720859,40.52365252,39.97063977,39.09012213,38.99279727,38.63598904,38.72207282,38.99143356,49.17063283,42.19951896,40.6001784,39.90681876,39.59835742,39.50444795
Emerging G-20,no data,no data,no data,19.52443986,19.484311,no data,23.31835679,23.8329185,25.79994355,24.19007369,24.57715436,25.42587309,25.71071763,26.18291472,25.07322559,25.41613459,25.60330506,25.91611764,27.92704399,29.92203034,29.52455172,29.69773505,30.21387514,30.43604713,30.73719417,31.83995956,32.04084047,31.26842013,31.84788674,32.55978347,35.48017711,34.78008016,33.98267151,33.33951195,32.74137877,32.05356801
Emerging Market and Middle-Income Economies,no data,no data,no data,21.67100882,21.68728323,22.08843804,24.83338871,25.10287112,26.61153809,25.25197831,24.91374002,26.12272266,26.89794686,27.01632043,25.99747647,26.18380634,26.54164381,26.79652549,28.91471429,30.61838575,29.90857953,29.91586201,30.40767581,30.53720585,30.94104619,31.61941414,31.532041,30.935391,31.41303928,31.92583941,34.99989577,34.10110974,33.26879648,32.68864002,32.14230224,31.5325973
Emerging and Middle-Income Asia,21.83918028,21.04495945,19.6817955,17.36440456,17.33810912,15.9018859,15.60239629,16.62009889,17.37220425,18.79866086,19.06580326,20.60958045,21.25116194,21.09200272,20.47801703,20.27929109,20.35370798,20.29909246,23.2166682,25.26597469,24.61130064,26.00084268,26.90020434,27.12899699,27.41121609,29.45257141,29.53082995,29.15920958,30.31786621,31.2739184,33.94552324,34.11026374,33.23921874,32.50648439,31.80843895,31.07873995
Emerging and Middle-Income Europe,no data,no data,no data,no data,no data,no data,no data,no data,41.54139472,38.50318515,37.3409961,38.91158198,39.12954615,37.90467339,35.28401875,34.49878546,34.52645682,35.36528681,36.11835473,39.88067924,37.83920365,35.49247856,35.84549761,35.88878399,35.76948042,36.02974938,36.58086333,35.57229004,34.75093033,35.63657184,40.24738413,37.88117924,37.37213478,37.20392338,37.04685076,36.62077034
Emerging and Middle-Income Latin America,no data,no data,no data,20.74748204,22.10685034,no data,29.89643337,29.64041546,30.17880237,28.65252473,26.43957553,26.92615093,27.05298656,28.82930344,27.68545113,29.11617579,29.96268512,30.22467756,32.02436313,32.61685791,33.73378733,33.44898168,33.46607689,33.45983979,34.50846937,33.57289314,33.55462397,33.33386289,33.07519689,32.18695909,36.99181116,32.19372085,31.56929133,31.38318423,31.31675208,31.13463035
Emerging and Middle-Income Middle East and North Africa and Pakistan,25.78442754,28.16729692,35.28404236,35.94839425,32.75033618,30.47680042,28.77182456,28.76432584,28.44199784,25.69543794,24.09437083,26.64307887,30.01625337,28.42964553,26.91863808,25.37500408,26.09341533,26.20237515,28.1529119,33.75469412,31.09677902,30.32752727,31.36718236,32.37290406,35.24027198,36.50596232,35.30866041,32.65861734,32.64985377,31.85857723,34.01451859,32.57129958,31.3428433,30.94520213,30.49569674,30.09193721
Euro area,no data,49.95210116,51.12842891,52.54323379,51.36209941,52.79149428,50.24644796,49.01555029,48.15332223,47.58477234,46.82956295,46.82333652,47.14108203,47.46629906,46.93942586,46.91128009,46.27118261,45.52855836,46.77113271,50.8749867,50.80347234,49.33736725,49.90866437,49.83891673,49.21539452,48.36307798,47.65255851,47.09379805,46.85165129,47.03968811,55.71389563,51.18017637,49.01026907,48.29875585,47.84971955,47.55256391
Low-Income Developing Asia,12.42736842,12.05341125,12.23137081,13.48036523,13.11434769,no data,no data,no data,14.17903016,13.67899792,14.77588846,16.15673908,16.00247368,16.58979323,15.4802018,16.27755279,16.34683886,17.09989784,17.7315,19.33276052,18.67948257,18.06634645,20.07629484,21.20171543,20.38529719,20.54605538,19.29505829,18.80650883,18.94357878,20.03695555,19.91383387,20.08105427,19.99079518,19.8462564,19.5292209,19.27175254
Low-Income Developing Countries,17.95394241,17.195574,18.61311297,no data,17.87676425,15.27672423,13.26436738,14.48695025,15.7296418,16.66766743,17.814276,19.91965938,17.82415505,19.10013003,17.81215663,18.10657658,16.64514736,18.84600726,18.01606879,18.92155631,19.07262698,19.07569036,19.10534849,19.43714513,18.98873141,18.28939219,17.89153221,17.99719694,18.29585546,18.69957722,19.18867321,18.90872429,18.67209882,18.47177005,18.33308032,18.17223402
Low-Income Developing Latin America,19.38284984,no data,no data,no data,no data,no data,no data,15.71936294,15.68896775,18.83954766,18.86150203,20.08939241,21.05245543,22.17927184,21.5099115,20.97221645,21.54747528,22.11590954,23.15712392,24.97288317,24.55680869,24.93270009,26.17836641,27.65985159,26.21924812,24.92276316,25.58164224,25.23631211,25.10347491,24.09168335,27.37752189,28.16935617,26.47472971,26.90096001,27.38708333,27.6605882
Low-Income Developing Oil Producers,21.443743,20.79891034,23.44818511,27.69786593,19.32663981,13.78140797,11.88627089,14.46717114,16.3245988,21.99093417,25.33879914,30.76978907,21.14952813,24.62426445,19.93548525,19.42325404,14.74739562,20.10459372,16.88846603,17.60164688,18.19398125,18.89183269,16.85107202,16.16659883,15.37142822,12.73999627,11.54841781,12.55526632,13.36998505,13.18574492,13.33650897,12.63561402,12.72444308,12.19080591,12.49999491,12.5376629
Low-Income Developing Others,27.28902994,27.82435475,26.71793444,28.38007898,24.86745711,25.41561706,29.11002003,27.24799597,27.9735095,26.81802545,26.05139464,23.22696731,23.71785313,24.40545185,25.19049431,26.75001776,25.3780095,26.26996768,27.28306856,26.79133877,24.58438721,24.28016856,26.05291477,25.18592663,23.69155915,21.19818766,20.66281942,19.61862378,22.79796072,24.42205283,24.5874219,24.11155835,23.41569098,23.79092535,24.27710608,24.99390745
Low-Income Developing Sub-Saharan Africa,no data,17.3232587,19.06626285,no data,17.35041618,14.05813592,11.3651187,13.25840407,14.77171062,15.94803185,17.76495515,21.39590543,17.44313481,19.20608678,17.36250473,17.12337556,14.84176595,17.84250321,16.03064935,16.85831339,17.86576919,18.25217454,17.12893052,17.3024836,17.21069788,16.16678349,16.11562144,16.8564122,16.97807127,16.84238979,17.69070547,17.08158033,16.89238817,16.60609524,16.54842808,16.38801248
,,,,,,,,,,,,,,,,,,,,,,,,,,,,,,,,,,,,
"©IMF, 2020",,,,,,,,,,,,,,,,,,,,,,,,,,,,,,,,,,,,
