Year,Algeria,Angola,Argentina,Australia,Austria,Azerbaijan,Bangladesh,Belarus,Belgium,Benin,Bolivia,Brazil,Burkina Faso,Cambodia,Cameroon,Canada,Chad,Chile,"China, People's Republic of",Colombia,"Congo, Dem. Rep. of the","Congo, Republic of ",Croatia,Cyprus,Czech Republic,CÃ´te d'Ivoire,Denmark,Dominican Republic,Ecuador,Egypt,Estonia,Ethiopia,Finland,France,Germany,Ghana,Greece,Guinea,Haiti,Honduras,Hong Kong SAR,Hungary,Iceland,India,Indonesia,Iran,Ireland,Israel,Italy,Japan,Kazakhstan,Kenya,"Korea, Republic of",Kuwait,Kyrgyz Republic,Lao P.D.R.,Latvia,Libya,Lithuania,Luxembourg,Madagascar,Malaysia,Mali,Malta,Mexico,Moldova,Mongolia,Morocco,Mozambique,Myanmar,Nepal,Netherlands,New Zealand,Nicaragua,Niger,Nigeria,Norway,Oman,Pakistan,Papua New Guinea,Peru,Philippines,Poland,Portugal,Qatar,Russian Federation,Rwanda,Saudi Arabia,Senegal,Singapore,Slovak Republic,Slovenia,South Africa,Spain,Sri Lanka,Sudan,Sweden,Switzerland,Tajikistan,Tanzania,Thailand,Turkey,Uganda,Ukraine,United Arab Emirates,United Kingdom,United States,Uruguay,Uzbekistan,Venezuela,Vietnam,Yemen,Zambia,Zimbabwe,Advanced G-20,Advanced economies,Emerging G-20,Emerging Market and Middle-Income Economies,Emerging and Middle-Income Asia,Emerging and Middle-Income Europe,Emerging and Middle-Income Latin America,Emerging and Middle-Income Middle East and North Africa and Pakistan,Euro area,Low-Income Developing Asia,Low-Income Developing Countries,Low-Income Developing Latin America,Low-Income Developing Oil Producers,Low-Income Developing Others,Low-Income Developing Sub-Saharan Africa
1990,3.185425685,no data,no data,-0.232170356,-2.570026844,no data,-0.180569837,no data,-6.99273191,-2.373390555,-4.400000733,no data,-7.535957507,no data,no data,-5.911422126,no data,2.256417869,-0.718855095,-0.406030402,no data,-4.103315379,no data,no data,no data,no data,-1.537945455,no data,no data,no data,no data,-6.66234143,6.633714416,-2.433780775,no data,-2.054134092,-13.10429978,-3.933087969,no data,-2.150641075,0.641825259,no data,-3.220204678,-7.929556252,no data,-2.130307272,-2.737875486,no data,-11.09919279,1.991938421,no data,-4.367288764,no data,-31.98309551,no data,no data,no data,3.462776071,no data,no data,-0.494167309,0.149006252,no data,no data,-3.295164066,no data,-8.01350114,-1.433145614,-4.416018221,no data,no data,-4.08309537,-2.762974199,no data,no data,-0.671176415,1.954306844,5.475417863,no data,-2.035210175,no data,-1.505651329,no data,-6.921870641,3.226321144,no data,no data,no data,no data,1.965814016,no data,no data,no data,-3.905180059,-6.603734071,-16.20748934,3.707465734,-0.047211496,no data,no data,no data,no data,no data,no data,no data,-1.391806134,no data,no data,no data,3.837691511,no data,-10.2734853,no data,no data,no data,no data,no data,no data,-3.61912286,no data,no data,-1.998535881,no data,-0.403447001,-2.633945975,-2.150641075,-2.361828163,-11.16835268,no data
1991,3.801042068,no data,no data,-2.793843278,-2.945597989,no data,0.521462141,no data,-7.672130619,-2.251836156,-4.200000027,no data,-2.771556458,no data,no data,-8.359398267,no data,1.546178446,-1.043601088,0.349558336,no data,-11.19545205,no data,no data,no data,no data,-2.930545247,no data,no data,no data,no data,-5.826596569,0.300882929,-2.862952904,-3.189052844,-1.571738408,-9.493976109,-3.248325356,no data,-2.155835844,3.127408966,no data,-0.742137338,-7.764013903,no data,-2.015628087,-2.84619952,no data,-11.04051357,1.704541807,no data,-8.736802332,no data,-151.3092102,no data,no data,no data,8.682763739,no data,no data,-4.398129484,1.601570994,no data,no data,1.580155469,no data,-5.446194398,-0.970024612,-2.088883825,no data,no data,-2.055636862,-6.173813082,no data,no data,-1.662685198,-0.118882445,0.133255366,no data,-0.622997313,no data,-0.258926753,no data,-8.03640785,-2.569254883,no data,no data,-3.281244525,no data,0.681668507,no data,no data,no data,-4.584653708,-8.241035999,-26.47715974,0.305510724,-1.902017309,no data,0.604511181,no data,no data,no data,no data,3.849477211,-2.651790068,no data,no data,no data,-2.276180348,no data,-5.761653995,no data,no data,-2.608441616,-2.69390878,no data,no data,-3.205730651,no data,no data,-3.298803934,-5.100464822,0.367640504,-2.785420909,no data,-2.806801866,-8.807608278,-3.023162612
1992,0.751453045,no data,no data,-4.7527867,-2.136688259,no data,0.419493706,no data,-8.419847914,-1.983949184,-4.400000071,no data,-2.509119285,no data,no data,-9.199149263,no data,2.108503707,-1.224926783,-0.066893306,no data,-12.68441324,-3.213777631,no data,no data,no data,-2.571247488,no data,no data,no data,no data,-4.780213262,-4.88114493,-4.601130167,-2.6050198,-4.822960119,-10.49768118,-2.25929045,no data,-1.490039285,2.625239325,no data,-1.938581937,-7.757095069,no data,-1.068155304,-2.888987632,no data,-10.04998473,0.584903881,no data,-11.02078544,no data,-49.5784742,no data,no data,no data,0.109828818,no data,no data,-5.003861736,1.80547431,no data,no data,2.393153801,no data,-6.932093531,-1.995969005,-1.919805582,no data,no data,-3.126565697,-6.298670587,no data,no data,1.326477091,-2.065565195,-5.559660812,no data,-4.332955731,no data,-0.429793722,no data,-5.305873018,-2.736188336,no data,-8.549044387,-8.121051674,no data,2.701406574,no data,no data,no data,-4.269929251,-5.11819426,-24.51715076,-8.457138966,-3.05005072,no data,-4.958785044,no data,no data,no data,no data,3.320871641,-5.461830018,no data,no data,7.34216425,-6.367893672,no data,-10.9048328,no data,no data,-3.368802933,-3.571407256,no data,no data,-3.085346341,no data,no data,-5.295931216,-5.142805968,-0.292085736,-3.052315145,no data,-2.286789197,-9.434752227,-2.759878412
1993,-5.915993962,no data,-0.024283554,-4.735155611,-4.541946552,no data,0.502293141,no data,-7.708515027,-0.413379827,-6.099999931,no data,-3.810411981,no data,no data,-8.934764945,no data,1.419494171,-0.895421286,-0.239865803,no data,-11.30642929,-0.483443651,no data,no data,no data,-3.672401574,no data,no data,no data,no data,-4.002754641,-8.083092252,-6.358794486,-3.094940288,-5.8512377,-11.29324145,-2.644993016,no data,-5.208621106,1.994149301,no data,-4.408375002,-8.422456797,-0.588573955,-6.224354067,-2.6706111,no data,-9.716237237,-2.435356676,no data,-11.41802841,no data,-15.74735142,no data,no data,no data,-5.958867929,no data,no data,-6.33821748,3.439744485,no data,no data,-1.603235986,no data,-11.41436369,-2.16558227,-2.61214792,no data,no data,-3.139122005,-1.555630432,no data,no data,-8.554766999,-1.643094446,-7.835942379,-6.897557599,-4.904576711,no data,0.622953871,no data,-8.165886675,-9.527796864,no data,-7.831243424,-9.326964648,no data,4.356950718,no data,no data,no data,-6.89839034,-5.969015138,-8.042200486,-10.82439357,-3.238268491,no data,-2.023239438,no data,no data,no data,no data,-2.815853365,-6.676261761,no data,no data,-12.22770643,-2.920910866,no data,-12.79583453,no data,no data,-4.591400145,-4.716520245,-2.565463031,-2.635743968,-2.290867999,no data,-0.979786218,-7.072479798,-5.865618315,-0.392674412,no data,no data,-9.786598962,-11.94276382,no data
1994,-1.864595939,no data,-1.249802355,-3.801474021,-5.013404188,-6.415858828,0.037795566,no data,-5.287641002,-1.56626089,-3.000000006,no data,-1.88707663,no data,no data,-6.935977535,no data,1.444901666,-1.690205129,-0.137971731,no data,-10.62698922,1.751680196,no data,no data,no data,-3.602986851,no data,no data,no data,no data,-5.230469874,-6.399535575,-5.422984116,-2.523844661,-5.452735782,-8.358910961,-2.605106867,no data,-0.971971805,1.011431538,no data,-4.641663005,-7.859094074,0.00485037,-3.970638017,-1.852794921,no data,-8.798216385,-3.811338609,no data,-5.515622605,no data,-9.137834755,no data,no data,no data,-2.752523274,no data,no data,-7.232908359,5.448558356,no data,no data,-2.365070307,no data,-8.330095484,-2.717551033,-4.155241812,no data,no data,-3.539703624,1.965570138,no data,no data,-4.165606738,0.041252456,-8.557175068,-4.52704343,-1.00921829,no data,-0.441070259,no data,-7.46772535,-11.80037732,no data,-11.32170649,-8.311637825,5.708183287,7.904685911,no data,no data,no data,-6.322850298,-7.654956361,-3.032347236,-8.729767966,-2.668866395,no data,-3.737071552,no data,no data,no data,no data,-1.781910771,-5.747471491,no data,no data,-4.576001814,-11.18743968,no data,-14.02725769,no data,no data,-4.578630663,-4.531154022,-3.057496097,-2.817215961,-2.55389879,no data,-2.130984307,-5.205325876,-5.057116862,-0.14037355,-4.463116081,no data,-6.793930635,-10.66624885,-4.182493398
1995,0.586636342,no data,-2.074606161,-2.610142796,-6.140539419,-1.0934858,-0.444193131,no data,-4.50854914,-1.913124195,-1.816584424,no data,-2.645588122,no data,no data,-5.489640113,-4.052345458,3.116399735,-0.95252502,-0.998556468,no data,-6.379538956,-1.135223401,-0.712397275,-12.35590169,no data,-3.62003043,no data,-1.937034889,no data,-0.230436544,-2.677278203,-5.970633898,-5.108542995,-9.432231435,-4.877794872,-9.730937849,-1.94635358,no data,-0.244308963,-0.290894763,-8.603468904,-2.935227258,-6.696948115,0.640948135,-3.189947629,-2.11233381,no data,-7.210263862,-4.392403584,no data,-0.305790725,2.235069236,-1.856684928,-13.51701149,no data,no data,3.918742602,-4.026633633,2.695634317,-5.087550777,3.102752362,no data,no data,-2.4049466,-2.583014839,-4.250287704,-2.747989149,-2.542285093,no data,no data,-8.731683189,3.669880321,no data,-3.176745733,3.550315156,2.961094771,-4.470049556,-4.864803128,1.077478842,no data,-0.015911307,-4.414393015,-5.241844756,-5.778996823,no data,-2.420604588,-5.122763095,2.348440803,4.803523194,-3.473360448,-8.147110067,no data,-6.80183734,-7.349573635,-3.480034403,-6.973142582,-1.913635699,no data,-2.117470592,3.054326747,no data,no data,-4.72142058,3.571049414,-4.97469894,no data,no data,-1.810455706,-5.864383715,no data,-5.739307577,no data,no data,-5.45167645,-5.339342027,no data,-1.968699648,-1.352584101,no data,no data,-2.027276544,-7.330581567,no data,0.468296411,no data,2.506102233,-4.105024446,1.4475633
1996,3.912373541,5.907380357,-2.810610432,-1.459720571,-4.35710811,-2.163902732,-2.375436905,no data,-4.002603972,-0.108263045,-1.900000016,-5.346246687,-1.666069792,-7.535788245,no data,-3.05256596,-3.711053574,2.085459912,-0.740213912,-2.494878364,-0.561980951,9.195060399,-1.198606901,-2.956325584,-2.994279092,no data,-2.482573914,no data,-3.292046488,no data,-0.90658179,-3.814448325,-3.366868137,-3.905879422,-3.570402523,-6.038084851,-8.158234421,-2.21619804,no data,0.126739629,2.038088105,-4.368487449,-1.584238493,-6.589632972,0.962360913,-0.918579994,-0.231398975,no data,-6.614671776,-4.985195135,no data,-0.653042382,2.3779115,11.60661284,-9.095616879,no data,no data,11.68153493,-4.244809966,2.324127023,-3.970637581,3.269790264,no data,no data,-3.843877311,-7.42327153,-5.888656331,0.938858423,-2.006637249,no data,no data,-1.822850925,2.549531459,no data,-0.35916423,4.748212483,6.007766543,2.542619295,-5.408752701,2.05453547,no data,0.533355997,-4.865023277,-4.749573669,-8.728482968,no data,-5.937815527,-3.246769184,0.905299388,1.982856985,-9.815775499,-1.095716744,no data,-5.888375551,-7.124405304,-2.610483092,-3.091031949,-2.07491655,no data,1.570933934,2.749301283,no data,no data,-3.093274027,0.940779063,-3.547002188,no data,no data,-1.664227399,7.939882773,no data,-0.917932172,no data,no data,-4.057269141,-3.783279601,-3.223123318,-2.139937256,-1.148897483,no data,-3.574707039,0.679638695,-4.360717729,no data,1.161457457,no data,4.532993991,-2.420897421,2.286285309
1997,2.930436659,-0.304461474,-1.837621355,-0.494019209,-2.371827174,-1.031510201,-2.284108449,no data,-2.15103904,0.468233153,-3.280902657,-5.603940199,-2.642848881,-3.723821425,no data,0.038702165,-3.34565104,2.058889193,-0.733380182,-3.226762007,-1.055730252,3.667710097,-1.710249672,-4.821161999,-3.164446501,-0.749175759,-1.200213938,-1.14386736,-2.703631201,no data,3.01102361,-1.701994904,-1.324826049,-3.652911523,-2.942100298,-6.623497025,-6.056035986,-2.148776185,0.642350513,0.080106047,6.317543685,-5.527043792,-0.049593787,-8.13344322,-1.033756429,-2.1902037,1.344886749,no data,-2.981623241,-3.596156456,no data,-1.207465791,2.393903489,17.16600179,-9.304490651,no data,no data,-2.172103915,-1.70475732,2.645244999,-1.997251403,4.840118079,no data,no data,-3.63633337,-7.470582793,-6.924197871,1.621947509,-1.771418683,no data,no data,-1.582729524,1.208740383,no data,-2.378834246,1.599203981,7.352170523,5.470941785,-4.824587389,0.672905271,no data,0.364941248,-4.63107399,-3.707100488,-9.403828544,no data,-2.634245935,-2.505737733,0.972208787,5.663036098,-6.266330282,-2.306941784,no data,-3.866533741,-5.902672395,-0.590306825,-1.54972307,-2.400236315,no data,-0.026471672,-1.680828895,no data,-0.82914947,-5.373913832,6.796592812,-1.996354036,no data,no data,-2.171218017,2.577187545,no data,-1.502049329,no data,no data,no data,-2.356203795,-3.467670656,-2.605109406,-2.090499121,no data,-3.639680414,0.550909574,-3.051287442,no data,-0.284966318,0.286846072,1.475900292,-2.224903663,0.247337884
1998,-3.576341021,-6.709324933,-1.827434359,-0.24629886,-2.668765336,1.63119009,-2.571083495,no data,-1.024700805,1.832176761,-5.1,-7.220582439,-2.597693741,-5.357758978,no data,0.142682776,-2.244788511,0.392224967,-1.087653407,-3.864130679,-1.548478036,-5.159991398,-2.745567585,-3.851035883,-4.16178249,-0.696897772,-0.388537142,-0.771255869,-4.87985012,no data,0.676073873,-3.51143696,1.536431097,-2.378585335,-2.566892704,-5.692790258,-6.268411263,-0.502102561,0.362981704,2.893287968,-1.800995393,-7.458212995,-0.646728364,-9.574478112,-1.893491985,-6.0226084,2.04777605,no data,-2.988261905,-10.22463566,no data,-0.036254205,1.130435017,6.87881344,-11.96466933,no data,-0.642413705,-2.438425501,-5.59576773,2.972374657,-5.307739179,-0.627248857,no data,no data,-4.755545774,-1.521632104,-10.55476539,1.591024575,-1.063193591,-4.622900532,no data,-1.353808697,-0.504845435,no data,-2.2244929,-4.892000471,3.066914658,-5.009779545,-5.569636725,-0.164736521,no data,-1.302317721,-4.275772801,-4.273798555,-7.00064473,-7.42350776,-3.07284749,-8.875224296,0.928940197,2.413933157,-5.297117442,-2.326111596,no data,-2.631692888,-7.014124789,-0.561008989,0.845833885,-1.343479463,-4.745749415,0.132649965,-6.292091253,no data,-0.704580448,-2.687960264,1.021849176,-0.328089324,no data,no data,-3.220465048,-4.489350282,-0.099042296,-7.771003278,no data,no data,no data,-3.805169804,-4.890638139,-4.499412969,-3.466599013,-5.832683936,-5.007182962,-4.37824859,-2.445031052,-1.772994298,-3.149855933,1.96023548,-4.953644174,-3.551316348,-3.651918714
1999,-1.89458923,-10.64460822,-3.705086124,0.667179853,-2.618030067,-1.032786477,-1.563550685,no data,-0.648395005,1.944146944,-3.836567058,-5.174557657,-3.286904208,-3.802439323,no data,1.655576247,-5.278590444,-2.031241691,-2.322645498,-5.367242554,-1.348249248,-4.745997859,-7.022565165,-4.053845759,-3.117333775,-1.267979261,0.868934154,-1.298563483,-4.617337897,2.135181042,-3.392761528,-8.230808193,1.595543509,-1.602927625,-1.719220386,-6.092241115,-5.793450882,-2.182406305,-2.660478043,1.3812497,0.761990755,-5.137217073,0.817456746,-8.550728602,-0.959390205,-0.616571947,3.520220985,no data,-1.772796471,-6.873160066,no data,0.637946455,1.187209296,15.15433654,-13.52278393,no data,-3.450186279,5.874506244,-8.282333757,3.229116323,-2.420563572,-3.002698643,no data,no data,-4.721342042,-2.639090816,-8.476684765,3.469156326,-0.335063401,-4.212561832,no data,0.253421669,-1.140178718,no data,-4.260080341,-1.95844854,5.718314222,0.346682163,-3.830270866,-1.936498923,no data,-2.276246764,-2.311381374,-2.987588135,-4.352842522,-3.586600528,-5.234706434,-5.99137324,-0.622868312,5.203832731,-7.172994304,-2.971567227,no data,-1.238329325,-5.772005134,-0.799562008,0.633121572,-1.615874169,-4.03175014,-1.138976744,-9.017192244,no data,-1.23720658,4.954458362,1.330557806,0.626988187,no data,-3.012186922,-3.080230489,0.742750787,-1.245925619,0.060175298,no data,no data,no data,-2.341704918,-4.294460138,-3.456563367,-4.095444991,-2.918371217,-4.270700639,-0.188080097,-1.51339778,-1.710179822,-1.987863257,-0.205588509,-1.925782835,-2.248556546,-2.182202496
2000,9.701394446,2.289322438,-3.416751183,1.254070568,-2.063208721,0.144727517,-2.918305461,no data,-0.079219584,-3.692199256,-3.728130401,-3.319675883,-3.027830265,-4.815447139,1.614426938,2.639703961,-6.072750732,-0.696698071,-2.845991505,-2.9558807,-1.845960544,1.046864035,-5.493984205,-2.239756864,-3.564195284,-0.830559712,1.887315728,-1.395000562,-0.306545905,1.32027816,-0.087438652,-8.88036366,6.726667742,-1.318490313,-1.584664476,-4.2866894,-4.063095145,-2.454890694,-2.338243612,1.508103363,-0.587149593,-3.032568471,1.223316333,-8.264003329,-1.869997613,6.631747602,4.849845688,-0.950199229,-2.423333465,-8.252212809,no data,-0.047752176,4.04960052,31.61395897,-10.69669466,-3.575557095,-2.509553484,14.0769253,-3.98026584,5.528763871,-2.35253754,-6.052531378,-2.642545499,-5.804955424,-2.814772249,-3.546063797,-4.980202315,-2.13554391,-1.345272019,-5.582052414,-1.688982382,1.165468676,0.144959928,2.094630345,-2.819048162,4.065055724,15.06484511,13.87570662,-4.009391436,0.303521225,-2.115749849,-3.273769477,-2.981482526,-3.397991191,4.621880259,3.107075867,-0.260414263,3.184129145,0.788395262,4.592846764,-12.63095723,-3.645023895,-1.538852566,-1.16076073,-8.039779604,-0.69807111,3.14697874,0.289252401,-5.554753176,-0.730489235,-1.792068001,-8.369958562,-0.623678685,-3.186267271,10.56730307,1.360012121,no data,-3.009152679,-3.875061334,4.449624304,-1.60529925,6.08732201,1.160610163,no data,no data,-2.333313332,-3.165951379,-1.642664221,-4.100157185,-2.830068887,-2.53072978,7.001081131,-1.27255729,-2.521205734,-0.720312847,0.753174554,3.976773581,-0.887964614,0.222728116
2001,3.739585058,3.176461513,-5.364146344,-0.030366361,-0.658410312,21.76404562,-4.080077757,-4.900552118,0.233037623,-3.269426664,-6.819600146,-3.171758693,-3.557443584,-5.14641412,0.908901616,0.529468967,-4.585337024,-0.498430396,-2.595871648,-2.918642899,-1.272856613,-0.705858267,-5.722979164,-2.107402184,-5.461966573,0.699235343,1.14055439,-1.628853133,0.030917104,-1.06982542,0.179144903,-3.760400444,4.891169068,-1.379209466,-3.025444871,-3.900145546,-5.46604991,-3.308429337,-2.725235793,-3.118870878,-4.836281548,-4.054368226,-0.9668453,-10.84282609,-1.763414748,1.008416468,0.944916748,-3.96890734,-3.190306547,-6.538313503,no data,-1.269346361,2.507869282,28.67138936,-6.747459221,-3.682978912,-1.991208326,0.069042123,-3.616960138,5.682735992,-3.614406154,-4.360678479,-2.798265618,-6.49114747,-2.706675653,-0.344750246,-3.696275062,-4.101552088,-4.717454074,-5.830279334,-2.684784875,-0.475636101,1.26158068,0.28508935,-2.580375971,-3.221992192,13.20765452,8.613198442,-3.059927898,-1.329111155,-2.153764492,-3.494121809,-4.785894368,-4.783155957,4.480566346,2.991244534,-2.114487871,-3.905922395,-1.517749638,1.196592559,-7.220613697,-4.450602193,-1.131747336,-0.454926083,-8.76587081,-0.766880761,1.412292295,0.213453587,-3.18848011,-0.414088584,-1.768093556,-11.66831799,-0.993817731,-3.031377244,1.205323596,0.21386986,-0.536768469,-3.111705015,-3.473917387,-4.593408018,-2.192236998,2.787014748,-5.892186391,no data,-1.90588484,-1.65431978,-3.769434316,-2.978626439,-4.408520466,-3.161168825,-3.219154345,1.000251965,-1.957010655,-3.360890493,-2.489938192,-1.930971427,-2.46099514,-1.073145419,-2.327168338
2002,1.163836561,-2.54244693,-1.910149902,0.193049451,-1.864523021,19.39308714,-2.737512095,-8.073324753,-0.043805237,-3.329892397,-8.788018921,-4.419657095,-4.432617637,-6.381041058,1.608058443,-0.233895789,-5.291648389,-1.180176038,-2.883545467,-3.456782655,0.718662483,-7.341981696,-3.289686243,-4.13063795,-6.334230404,-0.637288854,-0.015387103,-1.809342111,0.699457232,-6.76778842,0.401308278,-5.764230504,3.973438573,-3.160226951,-3.874993176,-2.923329108,-6.024066903,-3.528636513,-3.141052529,-5.015399323,-4.773206644,-8.840647386,-2.768544211,-10.88126472,-0.576098503,0.47705345,-0.532798035,-8.273329376,-2.869301371,-7.913874441,1.92388776,-2.628237333,3.34599568,19.33535798,-5.900032633,-2.84963731,-2.511863584,7.215356957,-1.793871961,2.021940888,-4.092046062,-3.959800368,-3.094188867,-5.647092589,-2.290238431,-1.178997491,-4.047565821,-4.727871244,-3.560332015,-3.724490867,-2.810845908,-2.129158294,2.526050958,2.014781229,-2.206910928,1.342477322,9.040656594,6.084632426,-3.313423367,-1.749991285,-1.403800951,-3.706824254,-4.845742156,-3.78190486,7.890903742,0.672593623,-2.367202008,-5.906988551,0.196952249,2.232090069,-8.220598242,-2.374238808,-1.071033093,-0.316722522,-7.136968964,-0.685290221,-1.421756078,-1.792166675,-2.441323133,-0.726687209,-6.722498641,-11.3393584,-2.068174876,-1.84119974,-1.237840424,-1.872835652,-3.811844794,-3.476372388,-6.691234869,-1.48231228,-1.854854771,-0.555482488,-4.498904659,no data,-3.916355322,-3.51880586,-3.98981962,-3.531948456,-4.633754467,-4.118181607,-2.780038881,-1.086242465,-2.672061713,-2.590873981,-1.524922334,-2.39081802,0.724731468,-2.441200219,-0.734640552
2003,4.875635436,-4.684639627,1.500146081,1.053912833,-1.381754272,1.604626259,-2.342577816,-6.96918778,-1.864040313,-1.072040365,-7.875395133,-5.177212713,-1.789912827,-6.168518824,0.613555727,-0.126957865,-5.597937356,-0.420251537,-2.394297322,-2.706396828,-4.24187437,0.365582583,-4.520851876,-5.907264971,-6.852675378,-1.261225704,-0.133147637,-6.186537755,0.9980083,-5.729070408,1.793396052,-5.592003549,2.339389386,-4.015475885,-3.704201088,-2.141302981,-7.830412789,-4.685691016,-3.645924977,-5.093454515,-3.171906963,-7.118101041,-3.097671093,-11.23113542,-1.077264611,1.175460558,0.333731778,-5.022767578,-3.217625671,-8.046477236,3.996048749,-1.637685404,1.563930596,17.30812284,-5.1693277,-3.885364168,-1.597142318,6.363470207,-1.26544995,0.259662896,-3.321644201,-4.596958967,-1.187494832,-9.08820889,-2.355481126,0.469967723,-2.894600249,-4.052805076,-2.774347028,-3.918043545,-0.385748622,-3.142294417,3.654916853,1.238227126,-2.16769329,-2.195152295,7.21152333,6.7678813,-0.147633917,0.187883002,-1.622006561,-3.491060452,-6.077098578,-5.615678051,6.710575951,1.350124439,-1.427573011,1.198598198,-0.520086861,0.678051636,-3.120087947,-2.594745699,-1.785391903,-0.375062635,-6.359469097,0.768410924,-1.234339578,-1.393516575,-1.762024288,-1.774952997,1.978324178,-7.571834758,-0.96912042,-0.893075984,2.351606238,-3.132229269,-4.763547662,-2.393224195,-5.162587161,0.171416445,-2.558550073,-4.200715724,-5.314294719,no data,-4.495959925,-4.02054024,-3.392325005,-2.754330761,-4.087284747,-3.143195785,-2.70525588,2.034186948,-3.091343624,-2.507746758,-2.233905941,-2.78199739,-2.418193273,-2.109054249,-2.084256427
2004,5.25924119,1.183548751,3.96689503,1.327148274,-4.83905389,1.781438087,-2.623860389,-7.303667389,-0.238730544,-0.704772656,-5.543419582,-2.876038656,-4.194054415,-3.56151363,-0.491390677,0.767669538,-2.386961211,2.047624295,-1.511828484,-1.272520718,-0.433446071,3.325541757,-4.966811956,-3.711615487,-2.368304567,-1.037878143,2.073171218,-3.447419839,1.867465896,-5.762199715,2.371237748,-2.651278615,2.157371597,-3.590570293,-3.334158372,-2.175415338,-8.82787173,-3.88371614,-2.291981982,-2.475410019,1.605332591,-6.333387372,-0.322526167,-9.062075245,-0.260210025,3.379036539,1.286516782,-3.516075637,-3.478847637,-5.881387539,3.287320031,-0.046410161,0.089544783,22.21186677,-4.891663885,-1.810420158,-0.997483784,11.67475405,-1.532122262,-1.405738218,-4.232413882,-3.35346367,-2.359850541,-4.38153106,-1.410305664,0.592848783,-1.389614878,-3.585775717,-3.313279622,-4.25465022,-0.164074411,-1.825289163,4.467462003,1.664438922,-2.754227097,5.488352319,10.85635607,6.222722079,-1.616841835,2.025059805,-1.032734878,-2.807019248,-5.043921533,-5.969340853,18.31647374,4.57475069,2.58753068,9.71788156,0.182451006,2.059766049,-2.316389931,-1.941132611,-1.168230183,-0.095178588,-6.535800554,0.156031096,0.351636672,-1.427707694,-2.368758614,-2.433816886,1.105924705,-4.121585639,0.342505422,-4.414977932,6.399659328,-3.070914336,-4.23837527,-0.947073129,-3.964310701,2.470453084,-0.149638141,-2.152456222,-2.508440648,no data,-3.804832799,-3.281625329,-1.390014555,-0.949508922,-3.038751636,-0.900572093,-1.023424836,6.470421013,-2.865330616,-1.508029166,0.164956323,-1.114827673,4.44087589,-1.561422923,1.401947255
2005,13.63119545,7.17049401,3.340623023,1.712469173,-2.540768458,2.740818919,-2.8525622,-6.934229041,-2.715159804,-1.523283516,-2.244734708,-3.538574319,-4.889532822,-0.384228826,3.292490638,1.553120098,-0.068460743,4.542589198,-1.401483761,-0.02077113,0.639408681,13.40279368,-3.665671664,-2.22433614,-2.972515531,-1.025135214,4.955097249,-0.403013247,0.641330682,-6.687293436,1.114890351,-4.12228972,2.588546758,-3.355559897,-3.319436615,-2.016088795,-6.187952339,-1.074191657,-1.382402221,-0.032652263,0.970566063,-7.787704299,4.446203114,-7.368330522,0.423535186,3.574708065,1.560885587,-2.652472028,-4.082523508,-4.963283167,6.077754759,-1.405019067,0.823063148,43.30384488,-3.789101182,-2.541263726,-1.025790578,31.35546307,-0.504435242,-0.214111371,-2.474755887,-2.832840099,-2.764112925,-2.608904816,-1.49938925,1.440722637,2.434672847,-5.903622979,-2.144803366,-3.2544523,0.279405381,-0.39645442,5.105889533,1.686866131,-1.522980005,4.90767945,14.76366429,12.80515884,-2.814233268,2.849152348,-0.435681849,-1.624638178,-3.961814618,-6.106434012,10.62580033,7.596959645,1.277366914,17.98693164,-0.262599063,2.555514611,-2.874284945,-1.324123434,-0.115329187,1.231564543,-6.133071954,-1.875672021,1.834235445,-0.66103484,-2.898959988,-3.276093708,2.17304018,-0.74895477,-0.16996894,-2.276962102,15.98705496,-3.148307567,-3.068892447,-0.300823137,-3.731083031,4.094750866,-0.954019503,-1.821754146,-2.372064414,-5.26517148,-3.06445368,-2.468025286,-0.180907948,0.688043304,-2.456038424,1.680382099,-1.05424432,13.22046763,-2.590350374,-1.662234638,0.208315412,0.216055374,4.426020457,-2.236856778,1.527239523
2006,13.96073679,9.422799441,1.650070275,1.776333552,-2.563440822,0.662965133,-2.57255392,-7.966994915,0.239457975,-0.146542915,4.469895705,-3.569679918,14.34567379,-0.172371031,30.45265637,1.827604363,2.219644466,7.459448348,-1.143696889,-0.992650981,1.055800137,15.95727855,-3.13230834,-1.041243492,-2.160395663,-1.034356877,4.987100686,-0.941832349,2.851907229,-7.354560014,2.896765542,-3.787920745,3.924301752,-2.443685608,-1.653152096,-3.338040154,-5.945965795,-2.179952135,-1.43635143,-1.355423713,3.833305206,-9.26235115,5.806336277,-6.320713097,0.372497299,1.87396285,2.767517492,-0.941455389,-3.616569212,-3.492296249,7.652628519,-2.041197684,1.032556137,31.89476492,-2.095369146,-1.481897626,-0.458924734,31.80687234,-0.446592548,1.926154228,-3.029672814,-2.601963366,27.78299183,-2.50971543,-1.282297332,-0.418723607,7.584876059,-1.948366328,-3.153150603,-3.209235599,0.268424303,0.099393375,4.591862351,1.009283601,30.95612399,8.759047318,17.93764969,13.98794212,-3.285768534,5.337371913,2.02912779,-0.046357841,-3.557361724,-4.086881783,9.253858429,7.803539032,-0.028917915,20.82287441,-3.615586269,2.159889319,-3.578512954,-1.231001929,0.911489131,2.124079644,-6.112424215,-1.323350301,2.233965944,0.867103741,1.705167011,-3.384862935,1.866659795,-0.685448109,-0.637013441,-1.364704915,20.15003593,-2.770178511,-2.029373996,-0.701378655,2.884551488,-1.604650049,0.200491641,1.186180547,16.91274579,-2.14951619,-2.038365338,-1.413246099,0.249092281,1.014951706,-1.98843849,2.191791144,-1.282335012,13.76277309,-1.50859569,-0.770140098,3.490688934,-0.657145905,8.292340406,0.194990193,6.086648192
2007,6.597717279,4.311929563,0.756974472,1.477834691,-1.382364127,2.33710871,-2.232744899,-8.086999839,0.066585375,0.222004233,1.740780407,-2.737253491,-5.014919427,0.726747535,4.139012492,1.819655807,2.524757568,7.90885364,0.058939131,-0.819775092,0.454418055,8.986431279,-2.229337249,3.228164349,-0.650234109,-0.388508176,5.020456096,0.105153081,2.597920152,-4.898811489,2.693203998,-3.567435102,5.115142833,-2.636244694,0.26088696,-5.277802839,-6.707062893,1.263189428,-2.500140877,-0.253748057,7.336107006,-5.03197709,4.866704399,-4.505137454,-0.947178171,6.46764793,0.258953531,-0.277437932,-1.34025662,-3.21039662,5.134414782,-2.417758137,2.07497016,37.41125072,1.276876611,-1.123091609,0.596776767,28.58098021,-0.998290802,4.407350426,-2.307582103,-2.57083038,-2.784249125,-2.134612904,-1.527124003,0.148232521,2.638636392,-0.125774634,-2.272396879,-3.295766863,-0.765776256,-0.091897217,3.568282203,1.303952994,-0.744615765,-1.116384672,17.09533724,12.03819464,-5.116785172,6.899333849,3.348358349,-0.284924301,-1.852922951,-2.935813265,11.16837101,5.585366969,-1.550127585,11.78360187,-2.737063179,7.120218448,-2.05039952,-0.049039873,1.355834395,1.88621705,-6.003815506,-2.841968725,3.335052065,1.610297727,-5.533871224,-1.444448973,0.219944574,-1.926481724,-0.815082587,-1.967389628,17.12373086,-2.657663471,-2.910243826,-0.17100839,3.766072823,-2.815425963,-1.738759439,-7.183132372,-1.036850222,-2.523453985,-1.984141292,-1.271119062,0.069072898,0.861294469,-1.106726932,1.333553123,-1.173453742,11.55668729,-0.637202973,-1.590351448,-1.344607742,-0.318512449,-1.204559006,-2.010846241,-1.150948686
2008,9.616348354,-4.235149508,0.351972892,-1.101775806,-1.521402197,17.19381939,-4.030652684,-11.27461872,-1.095319865,-0.040904611,3.569484155,-1.533339317,-3.62731448,0.503094496,2.090429521,0.184425129,3.614315932,3.934391847,-0.02477351,0.041817672,-0.477268486,23.89676581,-2.824075009,0.865878293,-1.970510975,-0.209870742,3.173907975,-3.249804156,0.56232864,-6.049311935,-2.646999166,-2.882350064,4.179857411,-3.26373483,-0.116356239,-5.943775769,-10.17604033,0.374173012,-2.880534178,-0.266666666,0.086453097,-3.615037679,-12.85034622,-8.982172837,0.054113001,0.587707068,-7.022829202,-3.394860445,-2.563900592,-4.530917735,1.227135161,-3.379314233,1.457175802,20.16402332,1.924070328,-1.857968543,-3.145891157,32.50206406,-3.265734502,3.528856367,-1.723202612,-3.404737749,-1.976787138,-4.12986034,-0.712951316,-0.870607993,-4.521413161,0.677363559,-1.947086807,-2.579214272,-0.331838455,0.201329423,1.444586273,-0.422148027,1.108066113,5.696888121,18.63275965,16.79723032,-7.059466964,2.734141083,2.679829446,0.016475724,-3.600188824,-3.699584652,10.2718417,4.5494902,0.822468957,29.8019056,-3.496986198,3.589224189,-2.523385197,-1.393777834,-0.535420152,-4.572251048,-6.129922412,0.491470457,1.907595949,1.980548584,-5.061223837,-1.919497985,0.801032877,-2.639953132,-1.994766341,-3.138849767,17.63733116,-5.145632106,-6.630047934,-1.424153749,6.327200344,-3.46101926,-0.447228868,-4.531695393,-0.667891772,-1.804189355,-4.263005037,-3.550066609,0.547433529,0.814009157,-1.677851945,0.539841742,-0.828810513,14.25756772,-2.155352296,-1.699812032,0.993163054,-0.906207678,5.431789491,0.723337596,2.221745642
2009,-5.807077979,-7.89737672,-1.830044406,-4.571527024,-5.355725043,5.852890415,-3.210027688,-7.231963268,-5.430870515,-2.241002705,0.014122068,-3.187543955,-4.160443428,-4.781076888,-0.043528538,-3.881351769,-9.203228787,-4.240902939,-1.750808613,-2.674047345,0.925094788,4.755979122,-6.047900209,-5.433321732,-5.417138724,-1.001255354,-2.798141618,-3.016830321,-3.569994934,-6.195440023,-2.171671967,-0.932116785,-2.483672358,-7.174779051,-3.150511299,-5.378340104,-15.14772622,-4.892582486,-3.515680474,-4.8648519,1.531527485,-4.554172564,-9.475522177,-9.534028834,-1.644115315,0.799211136,-13.85630464,-6.298347776,-5.121045664,-10.1924613,-1.328048731,-4.340435857,0.016879112,27.51296102,0.377512204,-3.095611839,-6.983326227,-6.53411762,-9.328661786,-0.245020486,-2.261323331,-5.879790486,-3.716855482,-3.17589946,-4.125045437,-6.382820742,-5.19880082,-1.763163193,-4.479363938,-3.309889667,-2.552142277,-5.086245803,-1.840971712,-1.483188494,-3.915901871,-5.325943344,10.2394048,-0.310174628,-5.047740832,-5.482534833,-1.388687831,-2.568889507,-7.252678125,-9.872561589,16.13574162,-5.888910069,0.258182942,-5.383449023,-3.625166582,-0.09373346,-8.14938935,-5.813007345,-5.202270775,-11.27591944,-8.608197091,-3.795780858,-0.710859409,0.509149404,-5.229057329,-4.418157657,-2.213973862,-5.839281542,-1.609836154,-6.271518025,-6.126623158,-10.08218088,-13.19684855,-1.520491225,1.927152303,-8.685966478,-4.824318783,-10.21097569,-2.057125339,-2.175792257,-9.47852908,-8.736682171,-3.79351381,-3.643805349,-3.305891333,-5.772266631,-3.623111204,-0.953989841,-6.230037013,-4.047564356,-3.820963261,-3.606937784,-5.529146673,-3.322710571,-3.827539169
2010,-0.03846871,3.394898885,-1.393454664,-5.127057206,-4.453403655,13.83124453,-2.675356067,-4.186628048,-4.08770722,-0.275538513,1.665902006,-3.823640917,-4.058343741,-3.79540501,-0.980051223,-4.737558582,-4.151880108,-0.360699196,-0.361978602,-3.302773297,-1.001360115,15.51710743,-6.465801166,-4.696572368,-4.157836343,-1.33690442,-2.710215658,-2.728864335,-1.357407946,-7.446819593,0.185391035,-1.320751331,-2.53371106,-6.886671555,-4.378646077,-7.520368905,-11.19713668,-9.661243263,-2.681295921,-3.371280219,4.136195813,-4.462013926,-9.455443502,-8.625845182,-1.242195971,2.647304553,-32.07635509,-3.484840495,-4.2397375,-9.534429624,1.469692441,-4.411461707,1.466794701,25.96242005,-5.946895222,-1.46913684,-6.469931941,12.53399402,-6.918585906,-0.391509739,-0.760375833,-4.319070489,-2.567534579,-2.316674599,-3.975055986,-2.178254279,0.425427465,-4.255551826,-3.503134409,-4.960256178,-0.766435568,-5.246195558,-5.400221339,-0.129158975,-0.982731466,-4.171340307,10.92272019,5.634421544,-6.012626895,3.062360766,0.122106823,-2.253638815,-7.396815203,-11.39839197,7.086019137,-3.193876296,-0.636022315,4.391630004,-3.911081087,5.685498484,-7.455990272,-5.599784402,-5.026295181,-9.526628377,-6.954132955,0.110568158,-0.045976291,0.36349566,-2.97868327,-4.700469083,-1.069704512,-3.401589102,-4.644662136,-5.772013794,0.550781008,-9.279585499,-11.02441694,-0.422520279,2.730810106,-4.73949128,-2.250905932,-4.058458583,-2.432209004,0.618568643,-8.402836707,-7.732471036,-2.485193749,-2.218593736,-2.158814854,-3.710440041,-3.31794645,3.108525336,-6.270072737,-2.482231651,-2.734324361,-2.311603424,-3.585050157,-0.318510977,-3.375469005
2011,-0.104373158,8.081202716,-2.74564846,-4.531357508,-2.577134131,10.85964091,-3.589160486,-2.805920045,-4.32999617,-0.981309004,0.831387469,-2.466942409,-2.039418509,-4.694837914,-2.354505362,-3.308732553,2.390733779,1.421575359,-0.098097733,-1.992981679,-0.984836539,16.06509503,-7.913683099,-5.6657796,-2.705250173,-2.889174268,-2.055766184,-3.050161114,-0.126728357,-9.600046002,1.146992521,-1.607127794,-1.019202214,-5.154760881,-0.881398595,-5.493701884,-10.27875322,-0.93571808,-2.474288492,-2.942645813,3.769966286,-5.242145917,-5.406967648,-8.349151646,-0.702931864,0.607006604,-12.8472145,-2.867555194,-3.593011944,-9.441373001,5.811035754,-4.116999259,1.622327273,33.28149059,-4.70461583,-1.429071373,-3.184649573,-17.23662631,-8.95527348,0.634316083,-2.043157171,-3.567623431,-3.416808715,-2.378477422,-3.335840311,-2.049645065,-4.013807862,-6.574812121,-4.407616024,-4.429778982,-0.817550689,-4.426939583,-4.909528926,-0.059152709,-2.189399477,0.431870795,13.34841799,9.387001243,-6.729992274,2.215389454,2.011857978,-0.304079353,-4.879552833,-7.663219876,7.327261726,1.431818865,-0.856973535,11.55399966,-4.90028368,7.96190982,-4.455840392,-6.629230462,-4.076716548,-9.739575451,-6.235896799,-2.326719469,-0.229109916,0.699258065,-2.14166638,-3.513895779,0.094141532,-0.68169647,-2.042710281,-2.76155758,5.315724187,-7.507779622,-9.703224042,-0.364157376,5.440980555,-8.243967775,-0.900955874,-4.506747746,-1.783438537,-2.163948026,-7.031638607,-6.323210501,-1.081096603,-0.939614751,-1.619003839,-0.238638414,-2.654204165,5.192665753,-4.230265999,-2.248854629,-1.241436475,-2.035250999,0.600105627,-0.309825175,-0.915480252
2012,-4.434618991,4.131198072,-3.0180556,-3.51059687,-2.189054492,3.705480028,-2.976619202,0.359824811,-4.318508448,-0.215565666,1.756819956,-2.519577304,-2.76326957,-4.524739141,-1.446431669,-2.524517007,0.473324109,0.681124044,-0.301715139,0.154783418,1.750455201,7.235995846,-5.353804912,-5.566186229,-3.902064901,-2.276506599,-3.490444865,-6.560338978,-0.937175392,-10.00495133,-0.255623946,-1.171938787,-2.155822063,-4.980984334,0.009324994,-8.379790163,-6.556348194,-2.510442501,-4.71159458,-3.483095592,3.142946852,-2.33634441,-3.608565647,-7.549559685,-1.586458811,-0.321981057,-8.101807666,-4.285819803,-2.945408004,-8.613190921,4.430881585,-5.031750353,1.49005497,32.42760018,-5.861999576,-2.343219608,0.175013806,28.55622233,-3.148478132,0.481273845,-2.237311654,-3.102877242,-0.956306003,-3.393324154,-3.726329406,-1.930739998,-6.243683945,-7.176977665,-3.616077257,-2.651441533,-1.342187211,-3.918427606,-2.201746955,-0.14968831,-0.828344327,0.346283752,13.76254068,4.647168249,-8.630878208,-1.189962176,2.0517802,-0.29399883,-3.741590284,-6.179761681,10.52525815,0.382340506,-2.370681284,11.93297628,-4.146118768,7.33677274,-4.36708499,-3.99467083,-4.425801537,-10.73572955,-5.599382442,-7.366593852,-1.008739847,0.241755187,0.589504209,-4.060165285,-0.860479551,-1.817412268,-2.385337726,-4.307064511,9.005543246,-7.639459914,-8.028126727,-2.370419816,6.24491205,-10.4465382,-5.46226463,-6.31517652,-2.831718812,0.806975674,-6.087545807,-5.524146913,-1.216082299,-0.940249904,-1.592303477,-0.723307633,-2.85739686,6.858737089,-3.706521069,-3.980470698,-2.008918035,-2.795311424,0.047649887,-1.391703533,-1.155242316
2013,-0.399960355,-0.303788881,-3.253828427,-2.812740563,-1.950076919,1.643475099,-3.380950506,-0.981959041,-3.129301568,-1.365033987,0.656366485,-2.955004275,-3.547978636,-2.616319114,-3.705266412,-1.494705998,-2.06506775,-0.469625822,-0.836155369,-1.020744499,1.874388453,-2.849273704,-5.337294578,-5.172576675,-1.234162022,-1.620946129,-1.235647209,-3.472395611,-4.570096766,-12.92682219,-0.169412619,-1.930531162,-2.524948488,-4.084094523,0.039980792,-9.177944997,-3.621840646,-3.873610394,-7.009226526,-5.729798638,1.007552967,-2.602763252,-1.776399951,-6.999618196,-2.21677129,-0.897657454,-6.196213329,-3.969403633,-2.854253384,-7.910520286,4.945693553,-5.696469697,0.618971959,34.11377977,-3.699422342,-4.030674231,-0.559569227,-5.108009164,-2.618708031,0.820008817,-3.402964519,-3.478227832,-2.371998742,-2.334994263,-3.707050792,-1.565176163,-0.927077623,-5.088298217,-2.58857705,-1.717432423,1.810077227,-2.928703046,-1.296758542,-0.710709796,-1.92878951,-2.236676287,10.66825474,4.677535108,-8.368800612,-6.869744309,0.735140082,0.187422363,-4.181917327,-5.104507946,21.55934531,-1.162177877,-1.264318389,5.638504695,-4.324716266,5.962163662,-2.869611997,-14.57852709,-4.267668745,-7.035932839,-5.185399481,-5.759499899,-1.395934937,-0.443564455,-0.901501823,-3.809762924,0.515540594,-1.458263056,-3.190482822,-4.784336315,8.394936711,-5.526205187,-4.56396358,-1.878622529,2.312358412,-11.26458124,-5.964025798,-6.897118695,-6.207747691,-0.620527424,-4.100107094,-3.73032478,-1.823580095,-1.460248055,-1.801975297,-1.488405816,-3.1729043,4.962781261,-3.012908926,-4.264764921,-3.309753632,-4.561800109,-2.60087955,-2.523150463,-2.960257936
2014,-7.300076617,-5.720349848,-4.252429085,-2.918617759,-2.729141959,2.742339379,-3.076787055,0.092110405,-3.055552798,-1.650544396,-3.363624188,-6.021062709,-1.737416156,-1.642672921,-4.250527119,0.17489616,-4.18235925,-1.490456333,-0.885287508,-1.744077029,-0.017410013,-10.73220658,-5.349518021,-0.234369615,-2.083890389,-1.568286088,1.144427647,-2.752731334,-5.223995794,-11.28648436,0.680614361,-2.582328858,-2.98747686,-3.904659346,0.579552713,-7.975388052,-4.06972058,-3.20727301,-6.279899911,-2.89690526,3.592018462,-2.78421958,-0.071953548,-7.071068563,-2.145667473,-1.139558466,-3.619527756,-2.269233296,-2.954396724,-5.635756486,2.48184788,-7.390232007,0.397084576,22.36400029,-3.068269881,-3.132231383,-1.679630015,-73.81037219,-0.664937282,1.300567593,-1.960686063,-2.62843747,-2.886447098,-1.69807166,-4.534639653,-1.585012059,-3.725394185,-4.848407566,-10.26184504,-1.315294769,1.531011327,-2.152004289,-0.43964313,-1.270881633,-6.10453222,-2.038719837,8.622987544,-1.079853429,-4.852154379,-6.265024183,-0.228065723,0.826417643,-3.64616404,-7.309121388,15.40426287,-1.069955791,-3.900358956,-3.541991719,-3.386812365,4.599847214,-3.109800317,-5.507210178,-4.263063401,-5.915373422,-6.231145555,-4.717110377,-1.525798138,-0.253055468,-0.126173413,-2.911427175,-0.800923002,-1.422647354,-2.740455131,-4.459976275,1.911034895,-5.557086197,-4.057772244,-2.836202581,2.0514632,-15.55323382,-5.016688996,-4.136083974,-5.798845179,-0.420596268,-3.430429572,-3.116015718,-2.581763322,-2.435095082,-1.860362077,-1.437561426,-5.044967258,-1.115722265,-2.460525945,-3.718963817,-3.1307137,-3.153469019,-2.546876118,-1.678293267,-3.112921713
2015,-15.26741423,-2.91724083,-6.000558031,-2.786837186,-1.046242301,-4.813986477,-3.974927541,-2.963639129,-2.413643323,-5.552835897,-6.904266322,-10.25295625,-2.089716888,-0.646041446,-4.421641287,-0.061845591,-4.380174613,-2.076869328,-2.792097927,-3.520222725,-0.405973609,-17.80514785,-3.315317225,0.012901778,-0.610977092,-2.042156577,-1.329580879,-0.033001055,-6.119415471,-10.93400723,0.068503703,-1.947067005,-2.361094685,-3.62517467,0.960550926,-4.076838065,-2.77053786,-6.891719455,-2.503047434,-0.781103247,0.595103276,-2.014365276,-0.791604692,-7.202905851,-2.603505797,-1.76307774,-1.976518049,-0.913684203,-2.552201794,-3.80733035,-6.259289215,-8.089112641,0.521646175,5.593411959,-2.516820407,-5.570364601,-1.529113583,-130.7958341,-0.207921376,1.292979269,-2.850272851,-2.545870347,-1.821700478,-1.042342931,-3.995195071,-1.942798789,-4.987286218,-4.170516727,-6.660682449,-2.783192624,0.656744023,-2.024614207,0.316496062,-1.441587326,-6.74624365,-3.164689497,6.022368448,-15.94333101,-5.253838203,-4.549699417,-2.124992129,0.585938333,-2.615841451,-4.346235001,21.7128568,-3.386425437,-2.668572558,-15.83843806,-3.663397441,2.863210298,-2.672076351,-2.847428486,-4.774586852,-5.176922577,-7.012643393,-3.823910618,-0.002487988,0.557048873,-1.972164486,-3.168578522,0.132379482,-1.258540182,-2.550015241,-1.159825106,-3.363278172,-4.591276731,-3.555532588,-2.025829589,-0.254890163,-10.65156915,-4.983205301,-8.749793204,-9.539029619,-1.418291592,-2.886292646,-2.624126936,-4.451861066,-4.264333209,-3.266049014,-2.697092963,-6.768972661,-7.666923588,-1.978580344,-4.126393914,-3.731349444,-1.333320682,-4.008932956,-3.260593079,-3.707474051
2016,-13.05147134,-4.520203839,-6.654668983,-2.419159707,-1.573603336,-1.126284716,-3.361487692,-1.659082683,-2.363567479,-4.288630665,-7.243425006,-8.990842468,-3.084871826,-0.299682118,-6.09203861,-0.453164226,-1.936609121,-2.649455019,-3.703005601,-2.273956996,-0.494661694,-15.64343938,-0.950511008,0.089016526,0.711630264,-3.006059478,-0.105986833,-3.103226919,-8.231522464,-12.46991954,-0.327610062,-2.340485188,-1.666069015,-3.61169834,1.160351417,-6.887500255,0.551687681,-0.14739382,0.026473495,-0.397364584,4.387711302,-1.812347446,12.42858106,-7.118060608,-2.486273918,-2.268359862,-0.694224596,-1.399962845,-2.403898603,-3.696624623,-4.50321692,-8.467459845,1.645929309,0.302033103,-5.79019542,-5.060118303,-0.399849701,-113.1803885,0.259170603,1.813105097,-1.107233859,-2.602892821,-3.942313696,0.935628476,-2.765296443,-1.546563908,-15.28759891,-4.483973514,-5.482624518,-3.867961198,1.351962048,0.020894009,1.023408856,-1.699741653,-4.462780701,-4.012719934,4.055584175,-21.30887744,-4.415687184,-4.746228317,-2.253786258,-0.353222391,-2.372878897,-1.935023256,-4.81856885,-3.670081601,-2.25952923,-17.20347219,-3.27210404,3.656912747,-2.476113146,-1.934767853,-4.06723149,-4.305196438,-5.337791899,-4.562327214,0.991861665,0.244068059,-9.031854513,-2.083237982,0.569331943,-2.337884364,-3.564368164,-2.228727628,-2.819397859,-3.347769306,-4.364096217,-2.902521635,0.80947904,-10.81212977,-3.163962021,-8.525614047,-6.097491444,-6.241511596,-3.111875178,-2.68081033,-4.867120757,-4.76225744,-3.940732163,-2.883375178,-6.174178837,-10.18635435,-1.458744176,-3.297879018,-3.712212954,-0.721313109,-4.714933566,-2.985000715,-4.250687903
2017,-6.647062307,-6.303819228,-6.693341132,-1.716499543,-0.699195076,-1.366142496,-3.339583242,-0.336524545,-0.690694394,-4.203744682,-7.823764988,-7.856660461,-6.884186411,-0.775090482,-4.87174496,-0.126102993,-0.23144412,-2.621594787,-3.835419912,-2.495518534,1.354790244,-5.932308787,0.796993671,1.661701522,1.501112461,-3.332772864,1.520340397,-3.087523747,-4.461325137,-10.4287147,-0.378993854,-3.243369512,-0.684716265,-2.933952975,1.361898977,-4.060992758,1.041800445,-2.059282135,0.039549689,-0.408380704,5.492424881,-2.456241587,0.583801962,-6.360767275,-2.509060878,-1.816586762,-0.324327764,-1.113790538,-2.445017341,-3.116446424,-4.265508721,-7.835796284,2.188104896,6.266075248,-3.732926298,-5.489469166,-0.827203231,-43.46394813,0.454230375,1.300731155,-2.102886554,-2.411756295,-2.861651794,3.241192498,-1.063277068,-0.639923024,-3.783672655,-3.493079896,-2.923381673,-2.857958975,-3.093908312,1.2601843,1.287796702,-1.576352911,-4.115071116,-5.39972912,4.998510036,-13.95938095,-5.759393372,-2.47470941,-2.934970883,-0.371970855,-1.467865429,-2.956013683,-2.488033925,-1.468925954,-2.516651162,-9.236122155,-2.968032331,5.34118582,-0.952423771,-0.048153981,-4.379609738,-3.024241788,-5.503363832,-6.454332077,1.431516851,1.155611414,-5.964997936,-1.158023831,-0.424927448,-2.182604204,-2.747595564,-2.190798049,-1.950218325,-2.45150403,-4.591435541,-2.704772052,1.288387165,-22.99085952,-1.963997571,-4.904564229,-7.587781846,-8.113188453,-2.948514638,-2.384032503,-4.309680219,-4.153229932,-3.974102273,-1.841898593,-5.549906372,-5.74733034,-0.962460894,-2.736202186,-3.614388715,-0.680709651,-5.365944016,-2.77003782,-4.482894907
2018,-4.468083321,2.188699589,-5.516756482,-1.234561402,0.197711063,5.47802565,-4.640744752,1.804798377,-0.807867152,-2.976436202,-8.143755105,-7.163418822,-4.354771894,0.676446377,-2.487624592,-0.396698347,1.936004309,-1.464831463,-4.654898275,-4.676457758,-0.04814787,5.758977417,0.221874641,-4.232701606,0.910725293,-2.94467195,0.476545824,-2.160391463,-3.175351414,-9.410494884,-0.463287156,-3.029237163,-0.85850502,-2.266967201,1.836634976,-6.971788595,0.873241877,-1.063191709,-1.718512994,0.198015285,2.349854117,-2.148556879,0.817843759,-6.269663844,-1.750199138,-1.9338351,0.116061251,-3.622625778,-2.199337775,-2.496270927,2.579564376,-7.376153972,2.563017051,9.044989453,-0.590098958,-4.663214939,-0.740378444,-0.194252024,0.600471894,3.083104786,-1.329076274,-3.306807817,-4.770234983,1.898171391,-2.197873664,-0.848874383,2.969138134,-3.736125805,-6.845086817,-3.402397295,-6.651135241,1.492660729,1.428019745,-2.983194701,-2.999005041,-4.306347711,7.2227446,-7.893316937,-6.422849558,-2.587121448,-2.001012179,-1.552480186,-0.232640778,-0.442476633,5.922438279,2.901867216,-2.575334791,-5.870572371,-3.643554693,3.716766321,-1.049707664,0.720580136,-4.144318137,-2.536614337,-5.295582902,-7.924040001,0.813784379,1.318735644,-2.780653281,-1.931632916,0.064084981,-3.653836931,-2.735129038,-2.149744766,1.92871721,-2.263904745,-5.786386246,-2.025297585,1.742951528,-31,-1.022605752,-7.848562754,-8.427612471,-4.498821028,-3.317156517,-2.691074733,-4.289442082,-3.83317274,-4.522012909,0.35494924,-5.211934486,-2.468852153,-0.457503231,-2.933946943,-3.440993252,-1.093089122,-4.120269968,-3.034534421,-3.945699734
2019,-5.637875422,0.791853557,-4.46771362,-3.893535908,0.734742612,8.098116445,-5.361850348,0.625853989,-1.908578797,-0.539578284,-7.221629429,-6.01393174,-3.468315423,3.213773689,-3.311318315,-0.346372508,-0.172047325,-2.647457576,-6.312102773,-2.506896198,-2.052528423,5.822491887,0.393216117,1.735350009,0.267435865,-2.287973304,3.807031044,-2.19539323,-3.16917752,-7.40869093,-0.395188151,-2.528271527,-0.907070464,-2.998258653,1.521288471,-7.340687753,0.565999488,-0.464509401,-2.278135604,0.088371853,-1.51049651,-2.047699165,-0.993307915,-8.217843956,-2.229032851,-5.501294428,0.376140757,-3.909972426,-1.639065485,-3.301141448,-0.569542915,-7.734219845,0.37284271,5.380988076,-0.139177411,-5.015736305,-0.383128182,2.192646688,0.26696784,2.145276094,-1.418797456,-3.694462409,-1.679794868,0.530244671,-2.348649755,-1.438703767,0.926411721,-4.127249686,-0.149602114,-3.915735313,-4.561490034,1.662628803,-2.946092894,-0.450612302,-3.559473748,-4.7565371,7.778150904,-7.06175951,-8.98421771,-4.963902521,-1.365615006,-1.780809383,-0.740206091,0.190230717,4.927388971,1.921939155,-5.192619558,-4.452477073,-3.82464206,3.840284867,-1.295249503,0.542425417,-6.253952813,-2.826156259,-8.181079717,-10.88478695,0.403580306,1.474325901,-2.099376548,-1.716202612,-0.81618059,-5.648127609,-5.015195154,-2.042122485,-0.763110023,-2.204424007,-6.349296934,-3.004186366,-0.25735484,-9.999465768,-3.294185678,-5.31944684,-8.142850247,-1.64893392,-3.982679807,-3.299359105,-5.481815069,-4.909930747,-6.083889662,-0.729757198,-4.093397871,-3.411093239,-0.645093829,-4.107995313,-3.998711081,-0.504257215,-4.502675355,-3.746979643,-4.093660627
2020,-11.48734916,-2.807504227,no data,-10.06371033,-9.900176354,-6.312445313,-6.796866432,-4.691568378,-11.353455,-3.742076692,-8.564617472,-16.7813149,-6.084730806,-2.401824535,-4.12458148,-19.92379747,-0.638830013,-8.704899619,-11.88696226,-9.477480026,-1.896024389,-2.105956644,-8.078484706,-5.57625146,-7.30254242,-5.400052381,-3.988057352,-7.786071786,-8.919917664,-7.488764266,-6.829236804,-3.548707411,-6.843674298,-10.76904121,-8.174524783,-16.41633045,-8.994184863,-3.706977975,-5.869532922,-3.091414957,-11.79304292,-8.278291066,-10.04943412,-13.0769607,-6.31481168,-9.529292042,-5.995208773,-12.93660478,-12.98129906,-14.15054934,-5.27428541,-8.385021569,-3.234657409,-8.492280259,-7.28200586,-6.423087212,-5.431201019,-102.937721,-6.715363807,-6.980298288,-5.520191499,-6.532189964,-6.2,-9.395296189,-5.8,-8.002173221,-11.47695351,-7.79176126,-7.060710294,-6.016403073,-7.928401246,-8.756912266,-9.247950936,-4.272329309,-4.823021001,-6.739285481,-1.785540708,-18.7073027,-8.011291001,-6.265670886,-9.408163974,-8.063163203,-10.46387853,-8.351069595,3.028858939,-5.284872277,-7.715834147,-10.56392043,-6.23375267,-10.77342596,-8.838585155,-8.819925126,-14.04324023,-14.092212,-9.628885327,-6.831422276,-5.899341215,-4.208118192,-5.998675279,-1.859820768,-5.210684039,-7.87802356,-6.551615767,-7.81,-9.899105513,-16.46343145,-18.71772878,-5.768929948,-4.137857183,no data,-6.02236079,-9.210897916,-5.996931736,-1.847507269,-15.47096794,-14.38738758,-11.26596188,-10.72011891,-11.40055936,-7.178867239,-11.08945224,-9.847744633,-10.11034574,-6.319282462,-6.222847027,-3.933445481,-6.661528865,-6.10813786,-6.25517182
2021,-11.37601106,-0.12853342,no data,-10.45578637,-3.944859107,-5.788582457,-6.080418151,-2.770437594,-6.301218363,-3.445440202,-7.07574931,-6.518764113,-4.6,-2.386807652,-3.272641239,-8.71926743,-1.226648701,-4.006235475,-11.77995622,-6.19513522,-0.27219811,1.83831622,-4.14466882,-2.031526494,-4.292313063,-4.098140476,-2.993465647,-3.3054972,-2.923472615,-8.082953154,-4.865502517,-3.073854561,-4.142445841,-6.451190386,-3.198558929,-9.254971012,-3.010005871,-3.079100249,-4.656224478,-2.661155905,-6.568724898,-3.858019017,-6.995060759,-10.92976847,-5.494971819,-6.849945726,-2.74087939,-7.051878853,-6.182609612,-6.417344974,-3.327078287,-8.527109989,-2.329830307,-10.6920606,-5.455208866,-5.729587507,-3.257230336,-43.22320402,-3.803142686,-1.694756873,-5.338910557,-4.672712751,-4.5,-3.870130052,-3.4,-4.299497693,-4.870184506,-6.015037299,-5.265086683,-6.45347002,-6.730031147,-4.903167924,-8.721287299,-3.006535717,-4.738798208,-4.972266219,2.044278426,-16.82437943,-6.710273511,-5.35202645,-4.30926836,-7.307350338,-4.336758178,-2.711283024,3.332071483,-2.57396741,-7.05001182,-5.964604535,-4.484675268,1.16488363,-4.591642551,-2.809538429,-11.14071072,-7.51234321,-8.09300937,-4.250207906,-1.966864732,-1.419890907,-4.443109989,-2.780704277,-4.921339312,-7.928725757,-6.946210933,-5.25,-5.05159238,-9.193219953,-8.672604021,-4.018071959,-2.685139303,no data,-5.171771439,-6.041757581,-5.036359965,-0.817953284,-7.465284658,-6.899963683,-9.946858383,-9.156441337,-10.96218829,-4.45783931,-5.289173266,-6.996631542,-4.990097916,-5.669357035,-5.078224327,-3.097807647,-4.875146106,-3.883036046,-4.860462103
2022,-9.194073361,0.9798319,no data,-6.220475204,-2.291456535,-5.137660987,-5.450658314,-1.839410471,-5.426157777,-2.778398585,-5.887385148,-5.585135813,-4,-3.199687169,-2.606014829,-5.385423416,0.780977133,-3.800297134,-10.90386886,-3.155093133,-0.26770885,3.830830616,-2.5262306,-0.306758888,-3.203529202,-2.997585795,-1.515520953,-1.971995552,0.588718291,-5.156387924,-4.452903779,-1.932151161,-2.575752384,-5.312930328,0.618620835,-8.064098015,-1.482057253,-2.356725646,-2.054610159,-0.635827477,0.138040558,-2.332889409,-5.859452371,-10.00951731,-3.957842318,-7.283514557,-0.65989958,-5.373910518,-3.935283549,-3.1970326,-2.056583646,-7.948469114,-2.659047873,-7.163578825,-2.999576421,-4.95576702,-1.373787336,-33.21635167,-1.435575273,-1.206654403,-5.162266962,-3.597374232,-3.5,-2.621338245,-2.6,-2.994167168,-4.082435326,-4.464189249,-3.433145225,-5.579531657,-4.72582668,-1.991520602,-5.730576642,-0.960844417,-3.16528451,-5.091638001,4.090785815,-10.88380509,-5.152040001,-4.479966393,-3.23029458,-6.269790575,-3.172056414,-1.560670795,6.492797629,-0.997122254,-4.114746457,-4.037947866,-2.970324822,2.367652801,-3.826675802,-0.767404851,-7.865604931,-5.840991564,-7.640206823,-2.621374609,-1.51625995,-0.615824915,-2.565500756,-2.706593187,-1.744707136,-8.093177114,-6.963468881,-3.5,-3.707484221,-7.081112397,-6.489060206,-3.574428091,-1.802512362,no data,-4.524036044,-4.557229898,-3.955500406,0.138267179,-5.049692562,-4.588794329,-8.982132383,-8.096970719,-9.991997808,-3.44096074,-4.179111832,-5.332088737,-2.661332771,-5.037604817,-4.482315628,-0.962969034,-4.923023803,-2.523010577,-4.422798055
2023,-9.461115527,1.655740087,no data,-3.862989348,-1.751471464,-4.980482976,-5.025281919,-0.834005106,-5.120582736,-2.629946889,-5.081307601,-5.634492003,-3.5,-3.858239776,-1.952246195,-2.985081891,2.162263451,-3.040825283,-9.993034167,-1.959549528,-0.673671661,4.841364923,-2.304208692,0.259714468,-2.364628379,-2.997610249,-0.246933309,-1.459414282,1.838093743,-4.36476325,-3.75091441,-1.932151161,-2.155374823,-4.925642502,0.836420544,-7.768978308,-0.98515404,-1.932681343,-2.178705705,-0.774450446,0.074222841,-1.292931612,-5.292922869,-9.569319064,-2.957619543,-7.651333025,0.098671621,-4.89960832,-2.691195353,-2.771705814,-1.526203739,-7.554263091,-2.688292222,-5.176609302,-2.999581721,-4.440078862,-0.830927236,-29.38281045,-0.231821885,-0.271902278,-4.840795232,-3.567552828,-3.5,-2.681347798,-2.5,-2.563041595,-3.293812997,-3.844649909,-1.497304507,-4.950646337,-4.398663735,-1.116714162,-3.774272997,-1.037165067,-2.477847058,-4.423276782,5.014884642,-9.980222887,-3.99086696,-4.139729854,-2.580804898,-6.212712362,-3.923766999,-0.708523031,7.420496941,-1.02955654,-3.509292697,-2.868461134,-2.977994471,2.504390331,-2.916128169,-0.220904351,-5.621532797,-4.732578312,-7.725535815,-2.418140185,0.296863763,-0.250945882,-2.500008474,-2.498486909,-1.924994973,-7.678335785,-6.985538195,-2.4,-2.906826632,-5.773792627,-5.552237985,-3.128518982,-1.046014573,no data,-4.120541744,-4.956929781,-2.877669085,0.218380928,-4.169472881,-3.72120323,-8.285560624,-7.474692269,-9.205075387,-3.401947941,-3.924502353,-4.698145825,-2.06074505,-4.62973921,-4.083138678,-1.078413111,-4.254845844,-2.087718409,-4.006238657
2024,-9.221874127,1.769714795,no data,-2.567812571,-1.166668504,-4.834062497,-4.416369369,-0.677278413,-5.220399201,-2.204751558,-4.54356521,-5.869871598,-3,-4.454165941,-1.666431361,-1.433983817,0.867222694,-2.314611859,-9.079613205,-0.875152691,-0.917664362,5.10807313,-2.244962642,1.121264563,-1.681559393,-2.996197691,-0.073772347,-1.609721125,2.405217568,-4.027417984,-3.665559872,-1.932151161,-1.911033291,-4.718511756,1.03613102,-7.164324764,-1.188603199,-2.111035274,-2.496184436,-0.874932639,0.130948724,-0.700055706,-5.394262487,-9.29720097,-2.769910024,-8.055199972,0.277667971,-4.425592166,-2.546543421,-2.649524998,-1.649198091,-7.195359392,-2.539318267,-4.185900358,-2.999533246,-3.795731034,-0.722800539,-29.88135878,-0.239657428,-0.056633677,-4.448715389,-3.177543772,-3,-2.912267566,-2.5,-2.411981198,-3.271182523,-3.085247907,-1.023701404,-4.711723938,-4.137625768,-0.422747676,-2.22264707,-2.182827162,-2.521302524,-4.526231421,5.559317406,-9.178345517,-3.483958725,-3.683030379,-2.047621683,-6.209939182,-3.847618292,-2.260203886,8.708413836,-1.003090713,-3.890421936,-1.626002526,-2.999682363,2.618029495,-2.688728643,-0.036081,-4.245300853,-3.928992847,-7.529169957,-1.987892494,0.283935778,-0.050945882,-2.506894489,-2.396550104,-1.917763598,-7.384179572,-5.677015844,-2.4,-2.527320952,-5.106899958,-5.405676067,-2.806805617,-0.663840175,no data,-3.87748834,-3.036740266,-1.975177558,-0.112793652,-3.888521221,-3.427063713,-7.658469842,-6.924378099,-8.468258461,-3.318180626,-3.821813517,-4.196572106,-1.810718587,-4.240871006,-3.864544463,-1.463977785,-4.308279894,-1.567586488,-3.914861948
2025,-8.590837151,1.876637136,no data,-1.978664113,-0.514703819,-5.166322334,-4.328364103,-0.804818856,-5.178943181,-2.148141132,-3.953993528,-5.89690463,-3,-4.33403939,-1.361636167,-0.272421437,1.816556416,-1.547382294,-8.134968825,-0.903389772,-0.881599713,5.463281957,-2.190017973,1.500589537,-1.142742442,-2.994535683,0.039236238,-1.577581784,2.260429235,-3.750282962,-3.033898679,-1.868294977,-1.663962264,-4.703510452,1.046098462,-6.286104385,-1.52836293,-2.152933965,-2.572835326,-0.906154279,0.130915493,-0.570909641,-5.134952993,-9.105384398,-2.506036233,-8.231618986,0.485750893,-3.941656335,-2.534107535,-2.738530508,-1.815369509,-7.001512891,-2.539318267,-3.366370828,-2.999582006,-3.677998792,-0.812558831,-28.4298756,0.045307178,0.001118232,-3.979113726,-3.143867701,-3,-2.6120361,-2.5,-2.411981198,-3.132134552,-2.533015006,-0.713236498,-4.17936057,-4.043775703,0.23312501,-1.381879916,-2.711352648,-2.452622165,-4.587732815,6.188101652,-8.434167947,-3.150350022,-3.384949061,-1.69767775,-6.060124937,-3.830419469,-1.786984021,10.1154537,-0.546264006,-3.703284638,-0.401862898,-2.980794776,2.613695939,-2.544440469,0.143972492,-3.075510032,-4.372810098,-7.391809032,-1.554964735,0.315049833,0.049054118,-2.500889393,-2.225419539,-1.892061806,-7.424666042,-4.961382065,-2.4,-2.216847423,-4.446460481,-5.497479069,-2.709141062,-0.616724393,no data,-3.304144809,-2.132045618,-0.062436748,-0.373099001,-3.832519708,-3.348095634,-6.980913635,-6.344143474,-7.716288721,-3.166898949,-3.672118439,-3.624917834,-1.755004818,-3.894345628,-3.658355179,-1.608285073,-4.317448201,-1.348874202,-3.792784144
