Net lending/borrowing (also referred as overall balance) (% of GDP),1990,1991,1992,1993,1994,1995,1996,1997,1998,1999,2000,2001,2002,2003,2004,2005,2006,2007,2008,2009,2010,2011,2012,2013,2014,2015,2016,2017,2018,2019,2020,2021,2022,2023,2024,2025
,,,,,,,,,,,,,,,,,,,,,,,,,,,,,,,,,,,,
Algeria,3.185425685,3.801042068,0.751453045,-5.915993962,-1.864595939,0.586636342,3.912373541,2.930436659,-3.576341021,-1.89458923,9.701394446,3.739585058,1.163836561,4.875635436,5.25924119,13.63119545,13.96073679,6.597717279,9.616348354,-5.807077979,-0.03846871,-0.104373158,-4.434618991,-0.399960355,-7.300076617,-15.26741423,-13.05147134,-6.647062307,-4.468083321,-5.637875422,-11.48734916,-11.37601106,-9.194073361,-9.461115527,-9.221874127,-8.590837151
Angola,no data,no data,no data,no data,no data,no data,5.907380357,-0.304461474,-6.709324933,-10.64460822,2.289322438,3.176461513,-2.54244693,-4.684639627,1.183548751,7.17049401,9.422799441,4.311929563,-4.235149508,-7.89737672,3.394898885,8.081202716,4.131198072,-0.303788881,-5.720349848,-2.91724083,-4.520203839,-6.303819228,2.188699589,0.791853557,-2.807504227,-0.12853342,0.9798319,1.655740087,1.769714795,1.876637136
Argentina,no data,no data,no data,-0.024283554,-1.249802355,-2.074606161,-2.810610432,-1.837621355,-1.827434359,-3.705086124,-3.416751183,-5.364146344,-1.910149902,1.500146081,3.96689503,3.340623023,1.650070275,0.756974472,0.351972892,-1.830044406,-1.393454664,-2.74564846,-3.0180556,-3.253828427,-4.252429085,-6.000558031,-6.654668983,-6.693341132,-5.516756482,-4.46771362,no data,no data,no data,no data,no data,no data
Australia,-0.232170356,-2.793843278,-4.7527867,-4.735155611,-3.801474021,-2.610142796,-1.459720571,-0.494019209,-0.24629886,0.667179853,1.254070568,-0.030366361,0.193049451,1.053912833,1.327148274,1.712469173,1.776333552,1.477834691,-1.101775806,-4.571527024,-5.127057206,-4.531357508,-3.51059687,-2.812740563,-2.918617759,-2.786837186,-2.419159707,-1.716499543,-1.234561402,-3.893535908,-10.06371033,-10.45578637,-6.220475204,-3.862989348,-2.567812571,-1.978664113
Austria,-2.570026844,-2.945597989,-2.136688259,-4.541946552,-5.013404188,-6.140539419,-4.35710811,-2.371827174,-2.668765336,-2.618030067,-2.063208721,-0.658410312,-1.864523021,-1.381754272,-4.83905389,-2.540768458,-2.563440822,-1.382364127,-1.521402197,-5.355725043,-4.453403655,-2.577134131,-2.189054492,-1.950076919,-2.729141959,-1.046242301,-1.573603336,-0.699195076,0.197711063,0.734742612,-9.900176354,-3.944859107,-2.291456535,-1.751471464,-1.166668504,-0.514703819
Azerbaijan,no data,no data,no data,no data,-6.415858828,-1.0934858,-2.163902732,-1.031510201,1.63119009,-1.032786477,0.144727517,21.76404562,19.39308714,1.604626259,1.781438087,2.740818919,0.662965133,2.33710871,17.19381939,5.852890415,13.83124453,10.85964091,3.705480028,1.643475099,2.742339379,-4.813986477,-1.126284716,-1.366142496,5.47802565,8.098116445,-6.312445313,-5.788582457,-5.137660987,-4.980482976,-4.834062497,-5.166322334
Bangladesh,-0.180569837,0.521462141,0.419493706,0.502293141,0.037795566,-0.444193131,-2.375436905,-2.284108449,-2.571083495,-1.563550685,-2.918305461,-4.080077757,-2.737512095,-2.342577816,-2.623860389,-2.8525622,-2.57255392,-2.232744899,-4.030652684,-3.210027688,-2.675356067,-3.589160486,-2.976619202,-3.380950506,-3.076787055,-3.974927541,-3.361487692,-3.339583242,-4.640744752,-5.361850348,-6.796866432,-6.080418151,-5.450658314,-5.025281919,-4.416369369,-4.328364103
Belarus,no data,no data,no data,no data,no data,no data,no data,no data,no data,no data,no data,-4.900552118,-8.073324753,-6.96918778,-7.303667389,-6.934229041,-7.966994915,-8.086999839,-11.27461872,-7.231963268,-4.186628048,-2.805920045,0.359824811,-0.981959041,0.092110405,-2.963639129,-1.659082683,-0.336524545,1.804798377,0.625853989,-4.691568378,-2.770437594,-1.839410471,-0.834005106,-0.677278413,-0.804818856
Belgium,-6.99273191,-7.672130619,-8.419847914,-7.708515027,-5.287641002,-4.50854914,-4.002603972,-2.15103904,-1.024700805,-0.648395005,-0.079219584,0.233037623,-0.043805237,-1.864040313,-0.238730544,-2.715159804,0.239457975,0.066585375,-1.095319865,-5.430870515,-4.08770722,-4.32999617,-4.318508448,-3.129301568,-3.055552798,-2.413643323,-2.363567479,-0.690694394,-0.807867152,-1.908578797,-11.353455,-6.301218363,-5.426157777,-5.120582736,-5.220399201,-5.178943181
Benin,-2.373390555,-2.251836156,-1.983949184,-0.413379827,-1.56626089,-1.913124195,-0.108263045,0.468233153,1.832176761,1.944146944,-3.692199256,-3.269426664,-3.329892397,-1.072040365,-0.704772656,-1.523283516,-0.146542915,0.222004233,-0.040904611,-2.241002705,-0.275538513,-0.981309004,-0.215565666,-1.365033987,-1.650544396,-5.552835897,-4.288630665,-4.203744682,-2.976436202,-0.539578284,-3.742076692,-3.445440202,-2.778398585,-2.629946889,-2.204751558,-2.148141132
Bolivia,-4.400000733,-4.200000027,-4.400000071,-6.099999931,-3.000000006,-1.816584424,-1.900000016,-3.280902657,-5.1,-3.836567058,-3.728130401,-6.819600146,-8.788018921,-7.875395133,-5.543419582,-2.244734708,4.469895705,1.740780407,3.569484155,0.014122068,1.665902006,0.831387469,1.756819956,0.656366485,-3.363624188,-6.904266322,-7.243425006,-7.823764988,-8.143755105,-7.221629429,-8.564617472,-7.07574931,-5.887385148,-5.081307601,-4.54356521,-3.953993528
Brazil,no data,no data,no data,no data,no data,no data,-5.346246687,-5.603940199,-7.220582439,-5.174557657,-3.319675883,-3.171758693,-4.419657095,-5.177212713,-2.876038656,-3.538574319,-3.569679918,-2.737253491,-1.533339317,-3.187543955,-3.823640917,-2.466942409,-2.519577304,-2.955004275,-6.021062709,-10.25295625,-8.990842468,-7.856660461,-7.163418822,-6.01393174,-16.7813149,-6.518764113,-5.585135813,-5.634492003,-5.869871598,-5.89690463
Burkina Faso,-7.535957507,-2.771556458,-2.509119285,-3.810411981,-1.88707663,-2.645588122,-1.666069792,-2.642848881,-2.597693741,-3.286904208,-3.027830265,-3.557443584,-4.432617637,-1.789912827,-4.194054415,-4.889532822,14.34567379,-5.014919427,-3.62731448,-4.160443428,-4.058343741,-2.039418509,-2.76326957,-3.547978636,-1.737416156,-2.089716888,-3.084871826,-6.884186411,-4.354771894,-3.468315423,-6.084730806,-4.6,-4,-3.5,-3,-3
Cambodia,no data,no data,no data,no data,no data,no data,-7.535788245,-3.723821425,-5.357758978,-3.802439323,-4.815447139,-5.14641412,-6.381041058,-6.168518824,-3.56151363,-0.384228826,-0.172371031,0.726747535,0.503094496,-4.781076888,-3.79540501,-4.694837914,-4.524739141,-2.616319114,-1.642672921,-0.646041446,-0.299682118,-0.775090482,0.676446377,3.213773689,-2.401824535,-2.386807652,-3.199687169,-3.858239776,-4.454165941,-4.33403939
Cameroon,no data,no data,no data,no data,no data,no data,no data,no data,no data,no data,1.614426938,0.908901616,1.608058443,0.613555727,-0.491390677,3.292490638,30.45265637,4.139012492,2.090429521,-0.043528538,-0.980051223,-2.354505362,-1.446431669,-3.705266412,-4.250527119,-4.421641287,-6.09203861,-4.87174496,-2.487624592,-3.311318315,-4.12458148,-3.272641239,-2.606014829,-1.952246195,-1.666431361,-1.361636167
Canada,-5.911422126,-8.359398267,-9.199149263,-8.934764945,-6.935977535,-5.489640113,-3.05256596,0.038702165,0.142682776,1.655576247,2.639703961,0.529468967,-0.233895789,-0.126957865,0.767669538,1.553120098,1.827604363,1.819655807,0.184425129,-3.881351769,-4.737558582,-3.308732553,-2.524517007,-1.494705998,0.17489616,-0.061845591,-0.453164226,-0.126102993,-0.396698347,-0.346372508,-19.92379747,-8.71926743,-5.385423416,-2.985081891,-1.433983817,-0.272421437
Chad,no data,no data,no data,no data,no data,-4.052345458,-3.711053574,-3.34565104,-2.244788511,-5.278590444,-6.072750732,-4.585337024,-5.291648389,-5.597937356,-2.386961211,-0.068460743,2.219644466,2.524757568,3.614315932,-9.203228787,-4.151880108,2.390733779,0.473324109,-2.06506775,-4.18235925,-4.380174613,-1.936609121,-0.23144412,1.936004309,-0.172047325,-0.638830013,-1.226648701,0.780977133,2.162263451,0.867222694,1.816556416
Chile,2.256417869,1.546178446,2.108503707,1.419494171,1.444901666,3.116399735,2.085459912,2.058889193,0.392224967,-2.031241691,-0.696698071,-0.498430396,-1.180176038,-0.420251537,2.047624295,4.542589198,7.459448348,7.90885364,3.934391847,-4.240902939,-0.360699196,1.421575359,0.681124044,-0.469625822,-1.490456333,-2.076869328,-2.649455019,-2.621594787,-1.464831463,-2.647457576,-8.704899619,-4.006235475,-3.800297134,-3.040825283,-2.314611859,-1.547382294
"China, People's Republic of",-0.718855095,-1.043601088,-1.224926783,-0.895421286,-1.690205129,-0.95252502,-0.740213912,-0.733380182,-1.087653407,-2.322645498,-2.845991505,-2.595871648,-2.883545467,-2.394297322,-1.511828484,-1.401483761,-1.143696889,0.058939131,-0.02477351,-1.750808613,-0.361978602,-0.098097733,-0.301715139,-0.836155369,-0.885287508,-2.792097927,-3.703005601,-3.835419912,-4.654898275,-6.312102773,-11.88696226,-11.77995622,-10.90386886,-9.993034167,-9.079613205,-8.134968825
Colombia,-0.406030402,0.349558336,-0.066893306,-0.239865803,-0.137971731,-0.998556468,-2.494878364,-3.226762007,-3.864130679,-5.367242554,-2.9558807,-2.918642899,-3.456782655,-2.706396828,-1.272520718,-0.02077113,-0.992650981,-0.819775092,0.041817672,-2.674047345,-3.302773297,-1.992981679,0.154783418,-1.020744499,-1.744077029,-3.520222725,-2.273956996,-2.495518534,-4.676457758,-2.506896198,-9.477480026,-6.19513522,-3.155093133,-1.959549528,-0.875152691,-0.903389772
"Congo, Dem. Rep. of the",no data,no data,no data,no data,no data,no data,-0.561980951,-1.055730252,-1.548478036,-1.348249248,-1.845960544,-1.272856613,0.718662483,-4.24187437,-0.433446071,0.639408681,1.055800137,0.454418055,-0.477268486,0.925094788,-1.001360115,-0.984836539,1.750455201,1.874388453,-0.017410013,-0.405973609,-0.494661694,1.354790244,-0.04814787,-2.052528423,-1.896024389,-0.27219811,-0.26770885,-0.673671661,-0.917664362,-0.881599713
"Congo, Republic of ",-4.103315379,-11.19545205,-12.68441324,-11.30642929,-10.62698922,-6.379538956,9.195060399,3.667710097,-5.159991398,-4.745997859,1.046864035,-0.705858267,-7.341981696,0.365582583,3.325541757,13.40279368,15.95727855,8.986431279,23.89676581,4.755979122,15.51710743,16.06509503,7.235995846,-2.849273704,-10.73220658,-17.80514785,-15.64343938,-5.932308787,5.758977417,5.822491887,-2.105956644,1.83831622,3.830830616,4.841364923,5.10807313,5.463281957
Croatia,no data,no data,-3.213777631,-0.483443651,1.751680196,-1.135223401,-1.198606901,-1.710249672,-2.745567585,-7.022565165,-5.493984205,-5.722979164,-3.289686243,-4.520851876,-4.966811956,-3.665671664,-3.13230834,-2.229337249,-2.824075009,-6.047900209,-6.465801166,-7.913683099,-5.353804912,-5.337294578,-5.349518021,-3.315317225,-0.950511008,0.796993671,0.221874641,0.393216117,-8.078484706,-4.14466882,-2.5262306,-2.304208692,-2.244962642,-2.190017973
Cyprus,no data,no data,no data,no data,no data,-0.712397275,-2.956325584,-4.821161999,-3.851035883,-4.053845759,-2.239756864,-2.107402184,-4.13063795,-5.907264971,-3.711615487,-2.22433614,-1.041243492,3.228164349,0.865878293,-5.433321732,-4.696572368,-5.6657796,-5.566186229,-5.172576675,-0.234369615,0.012901778,0.089016526,1.661701522,-4.232701606,1.735350009,-5.57625146,-2.031526494,-0.306758888,0.259714468,1.121264563,1.500589537
Czech Republic,no data,no data,no data,no data,no data,-12.35590169,-2.994279092,-3.164446501,-4.16178249,-3.117333775,-3.564195284,-5.461966573,-6.334230404,-6.852675378,-2.368304567,-2.972515531,-2.160395663,-0.650234109,-1.970510975,-5.417138724,-4.157836343,-2.705250173,-3.902064901,-1.234162022,-2.083890389,-0.610977092,0.711630264,1.501112461,0.910725293,0.267435865,-7.30254242,-4.292313063,-3.203529202,-2.364628379,-1.681559393,-1.142742442
Côte d'Ivoire,no data,no data,no data,no data,no data,no data,no data,-0.749175759,-0.696897772,-1.267979261,-0.830559712,0.699235343,-0.637288854,-1.261225704,-1.037878143,-1.025135214,-1.034356877,-0.388508176,-0.209870742,-1.001255354,-1.33690442,-2.889174268,-2.276506599,-1.620946129,-1.568286088,-2.042156577,-3.006059478,-3.332772864,-2.94467195,-2.287973304,-5.400052381,-4.098140476,-2.997585795,-2.997610249,-2.996197691,-2.994535683
Denmark,-1.537945455,-2.930545247,-2.571247488,-3.672401574,-3.602986851,-3.62003043,-2.482573914,-1.200213938,-0.388537142,0.868934154,1.887315728,1.14055439,-0.015387103,-0.133147637,2.073171218,4.955097249,4.987100686,5.020456096,3.173907975,-2.798141618,-2.710215658,-2.055766184,-3.490444865,-1.235647209,1.144427647,-1.329580879,-0.105986833,1.520340397,0.476545824,3.807031044,-3.988057352,-2.993465647,-1.515520953,-0.246933309,-0.073772347,0.039236238
Dominican Republic,no data,no data,no data,no data,no data,no data,no data,-1.14386736,-0.771255869,-1.298563483,-1.395000562,-1.628853133,-1.809342111,-6.186537755,-3.447419839,-0.403013247,-0.941832349,0.105153081,-3.249804156,-3.016830321,-2.728864335,-3.050161114,-6.560338978,-3.472395611,-2.752731334,-0.033001055,-3.103226919,-3.087523747,-2.160391463,-2.19539323,-7.786071786,-3.3054972,-1.971995552,-1.459414282,-1.609721125,-1.577581784
Ecuador,no data,no data,no data,no data,no data,-1.937034889,-3.292046488,-2.703631201,-4.87985012,-4.617337897,-0.306545905,0.030917104,0.699457232,0.9980083,1.867465896,0.641330682,2.851907229,2.597920152,0.56232864,-3.569994934,-1.357407946,-0.126728357,-0.937175392,-4.570096766,-5.223995794,-6.119415471,-8.231522464,-4.461325137,-3.175351414,-3.16917752,-8.919917664,-2.923472615,0.588718291,1.838093743,2.405217568,2.260429235
Egypt,no data,no data,no data,no data,no data,no data,no data,no data,no data,2.135181042,1.32027816,-1.06982542,-6.76778842,-5.729070408,-5.762199715,-6.687293436,-7.354560014,-4.898811489,-6.049311935,-6.195440023,-7.446819593,-9.600046002,-10.00495133,-12.92682219,-11.28648436,-10.93400723,-12.46991954,-10.4287147,-9.410494884,-7.40869093,-7.488764266,-8.082953154,-5.156387924,-4.36476325,-4.027417984,-3.750282962
Estonia,no data,no data,no data,no data,no data,-0.230436544,-0.90658179,3.01102361,0.676073873,-3.392761528,-0.087438652,0.179144903,0.401308278,1.793396052,2.371237748,1.114890351,2.896765542,2.693203998,-2.646999166,-2.171671967,0.185391035,1.146992521,-0.255623946,-0.169412619,0.680614361,0.068503703,-0.327610062,-0.378993854,-0.463287156,-0.395188151,-6.829236804,-4.865502517,-4.452903779,-3.75091441,-3.665559872,-3.033898679
Ethiopia,-6.66234143,-5.826596569,-4.780213262,-4.002754641,-5.230469874,-2.677278203,-3.814448325,-1.701994904,-3.51143696,-8.230808193,-8.88036366,-3.760400444,-5.764230504,-5.592003549,-2.651278615,-4.12228972,-3.787920745,-3.567435102,-2.882350064,-0.932116785,-1.320751331,-1.607127794,-1.171938787,-1.930531162,-2.582328858,-1.947067005,-2.340485188,-3.243369512,-3.029237163,-2.528271527,-3.548707411,-3.073854561,-1.932151161,-1.932151161,-1.932151161,-1.868294977
Finland,6.633714416,0.300882929,-4.88114493,-8.083092252,-6.399535575,-5.970633898,-3.366868137,-1.324826049,1.536431097,1.595543509,6.726667742,4.891169068,3.973438573,2.339389386,2.157371597,2.588546758,3.924301752,5.115142833,4.179857411,-2.483672358,-2.53371106,-1.019202214,-2.155822063,-2.524948488,-2.98747686,-2.361094685,-1.666069015,-0.684716265,-0.85850502,-0.907070464,-6.843674298,-4.142445841,-2.575752384,-2.155374823,-1.911033291,-1.663962264
France,-2.433780775,-2.862952904,-4.601130167,-6.358794486,-5.422984116,-5.108542995,-3.905879422,-3.652911523,-2.378585335,-1.602927625,-1.318490313,-1.379209466,-3.160226951,-4.015475885,-3.590570293,-3.355559897,-2.443685608,-2.636244694,-3.26373483,-7.174779051,-6.886671555,-5.154760881,-4.980984334,-4.084094523,-3.904659346,-3.62517467,-3.61169834,-2.933952975,-2.266967201,-2.998258653,-10.76904121,-6.451190386,-5.312930328,-4.925642502,-4.718511756,-4.703510452
Germany,no data,-3.189052844,-2.6050198,-3.094940288,-2.523844661,-9.432231435,-3.570402523,-2.942100298,-2.566892704,-1.719220386,-1.584664476,-3.025444871,-3.874993176,-3.704201088,-3.334158372,-3.319436615,-1.653152096,0.26088696,-0.116356239,-3.150511299,-4.378646077,-0.881398595,0.009324994,0.039980792,0.579552713,0.960550926,1.160351417,1.361898977,1.836634976,1.521288471,-8.174524783,-3.198558929,0.618620835,0.836420544,1.03613102,1.046098462
Ghana,-2.054134092,-1.571738408,-4.822960119,-5.8512377,-5.452735782,-4.877794872,-6.038084851,-6.623497025,-5.692790258,-6.092241115,-4.2866894,-3.900145546,-2.923329108,-2.141302981,-2.175415338,-2.016088795,-3.338040154,-5.277802839,-5.943775769,-5.378340104,-7.520368905,-5.493701884,-8.379790163,-9.177944997,-7.975388052,-4.076838065,-6.887500255,-4.060992758,-6.971788595,-7.340687753,-16.41633045,-9.254971012,-8.064098015,-7.768978308,-7.164324764,-6.286104385
Greece,-13.10429978,-9.493976109,-10.49768118,-11.29324145,-8.358910961,-9.730937849,-8.158234421,-6.056035986,-6.268411263,-5.793450882,-4.063095145,-5.46604991,-6.024066903,-7.830412789,-8.82787173,-6.187952339,-5.945965795,-6.707062893,-10.17604033,-15.14772622,-11.19713668,-10.27875322,-6.556348194,-3.621840646,-4.06972058,-2.77053786,0.551687681,1.041800445,0.873241877,0.565999488,-8.994184863,-3.010005871,-1.482057253,-0.98515404,-1.188603199,-1.52836293
Guinea,-3.933087969,-3.248325356,-2.25929045,-2.644993016,-2.605106867,-1.94635358,-2.21619804,-2.148776185,-0.502102561,-2.182406305,-2.454890694,-3.308429337,-3.528636513,-4.685691016,-3.88371614,-1.074191657,-2.179952135,1.263189428,0.374173012,-4.892582486,-9.661243263,-0.93571808,-2.510442501,-3.873610394,-3.20727301,-6.891719455,-0.14739382,-2.059282135,-1.063191709,-0.464509401,-3.706977975,-3.079100249,-2.356725646,-1.932681343,-2.111035274,-2.152933965
Haiti,no data,no data,no data,no data,no data,no data,no data,0.642350513,0.362981704,-2.660478043,-2.338243612,-2.725235793,-3.141052529,-3.645924977,-2.291981982,-1.382402221,-1.43635143,-2.500140877,-2.880534178,-3.515680474,-2.681295921,-2.474288492,-4.71159458,-7.009226526,-6.279899911,-2.503047434,0.026473495,0.039549689,-1.718512994,-2.278135604,-5.869532922,-4.656224478,-2.054610159,-2.178705705,-2.496184436,-2.572835326
Honduras,-2.150641075,-2.155835844,-1.490039285,-5.208621106,-0.971971805,-0.244308963,0.126739629,0.080106047,2.893287968,1.3812497,1.508103363,-3.118870878,-5.015399323,-5.093454515,-2.475410019,-0.032652263,-1.355423713,-0.253748057,-0.266666666,-4.8648519,-3.371280219,-2.942645813,-3.483095592,-5.729798638,-2.89690526,-0.781103247,-0.397364584,-0.408380704,0.198015285,0.088371853,-3.091414957,-2.661155905,-0.635827477,-0.774450446,-0.874932639,-0.906154279
Hong Kong SAR,0.641825259,3.127408966,2.625239325,1.994149301,1.011431538,-0.290894763,2.038088105,6.317543685,-1.800995393,0.761990755,-0.587149593,-4.836281548,-4.773206644,-3.171906963,1.605332591,0.970566063,3.833305206,7.336107006,0.086453097,1.531527485,4.136195813,3.769966286,3.142946852,1.007552967,3.592018462,0.595103276,4.387711302,5.492424881,2.349854117,-1.51049651,-11.79304292,-6.568724898,0.138040558,0.074222841,0.130948724,0.130915493
Hungary,no data,no data,no data,no data,no data,-8.603468904,-4.368487449,-5.527043792,-7.458212995,-5.137217073,-3.032568471,-4.054368226,-8.840647386,-7.118101041,-6.333387372,-7.787704299,-9.26235115,-5.03197709,-3.615037679,-4.554172564,-4.462013926,-5.242145917,-2.33634441,-2.602763252,-2.78421958,-2.014365276,-1.812347446,-2.456241587,-2.148556879,-2.047699165,-8.278291066,-3.858019017,-2.332889409,-1.292931612,-0.700055706,-0.570909641
Iceland,-3.220204678,-0.742137338,-1.938581937,-4.408375002,-4.641663005,-2.935227258,-1.584238493,-0.049593787,-0.646728364,0.817456746,1.223316333,-0.9668453,-2.768544211,-3.097671093,-0.322526167,4.446203114,5.806336277,4.866704399,-12.85034622,-9.475522177,-9.455443502,-5.406967648,-3.608565647,-1.776399951,-0.071953548,-0.791604692,12.42858106,0.583801962,0.817843759,-0.993307915,-10.04943412,-6.995060759,-5.859452371,-5.292922869,-5.394262487,-5.134952993
India,-7.929556252,-7.764013903,-7.757095069,-8.422456797,-7.859094074,-6.696948115,-6.589632972,-8.13344322,-9.574478112,-8.550728602,-8.264003329,-10.84282609,-10.88126472,-11.23113542,-9.062075245,-7.368330522,-6.320713097,-4.505137454,-8.982172837,-9.534028834,-8.625845182,-8.349151646,-7.549559685,-6.999618196,-7.071068563,-7.202905851,-7.118060608,-6.360767275,-6.269663844,-8.217843956,-13.0769607,-10.92976847,-10.00951731,-9.569319064,-9.29720097,-9.105384398
Indonesia,no data,no data,no data,-0.588573955,0.00485037,0.640948135,0.962360913,-1.033756429,-1.893491985,-0.959390205,-1.869997613,-1.763414748,-0.576098503,-1.077264611,-0.260210025,0.423535186,0.372497299,-0.947178171,0.054113001,-1.644115315,-1.242195971,-0.702931864,-1.586458811,-2.21677129,-2.145667473,-2.603505797,-2.486273918,-2.509060878,-1.750199138,-2.229032851,-6.31481168,-5.494971819,-3.957842318,-2.957619543,-2.769910024,-2.506036233
Iran,-2.130307272,-2.015628087,-1.068155304,-6.224354067,-3.970638017,-3.189947629,-0.918579994,-2.1902037,-6.0226084,-0.616571947,6.631747602,1.008416468,0.47705345,1.175460558,3.379036539,3.574708065,1.87396285,6.46764793,0.587707068,0.799211136,2.647304553,0.607006604,-0.321981057,-0.897657454,-1.139558466,-1.76307774,-2.268359862,-1.816586762,-1.9338351,-5.501294428,-9.529292042,-6.849945726,-7.283514557,-7.651333025,-8.055199972,-8.231618986
Ireland,-2.737875486,-2.84619952,-2.888987632,-2.6706111,-1.852794921,-2.11233381,-0.231398975,1.344886749,2.04777605,3.520220985,4.849845688,0.944916748,-0.532798035,0.333731778,1.286516782,1.560885587,2.767517492,0.258953531,-7.022829202,-13.85630464,-32.07635509,-12.8472145,-8.101807666,-6.196213329,-3.619527756,-1.976518049,-0.694224596,-0.324327764,0.116061251,0.376140757,-5.995208773,-2.74087939,-0.65989958,0.098671621,0.277667971,0.485750893
Israel,no data,no data,no data,no data,no data,no data,no data,no data,no data,no data,-0.950199229,-3.96890734,-8.273329376,-5.022767578,-3.516075637,-2.652472028,-0.941455389,-0.277437932,-3.394860445,-6.298347776,-3.484840495,-2.867555194,-4.285819803,-3.969403633,-2.269233296,-0.913684203,-1.399962845,-1.113790538,-3.622625778,-3.909972426,-12.93660478,-7.051878853,-5.373910518,-4.89960832,-4.425592166,-3.941656335
Italy,-11.09919279,-11.04051357,-10.04998473,-9.716237237,-8.798216385,-7.210263862,-6.614671776,-2.981623241,-2.988261905,-1.772796471,-2.423333465,-3.190306547,-2.869301371,-3.217625671,-3.478847637,-4.082523508,-3.616569212,-1.34025662,-2.563900592,-5.121045664,-4.2397375,-3.593011944,-2.945408004,-2.854253384,-2.954396724,-2.552201794,-2.403898603,-2.445017341,-2.199337775,-1.639065485,-12.98129906,-6.182609612,-3.935283549,-2.691195353,-2.546543421,-2.534107535
Japan,1.991938421,1.704541807,0.584903881,-2.435356676,-3.811338609,-4.392403584,-4.985195135,-3.596156456,-10.22463566,-6.873160066,-8.252212809,-6.538313503,-7.913874441,-8.046477236,-5.881387539,-4.963283167,-3.492296249,-3.21039662,-4.530917735,-10.1924613,-9.534429624,-9.441373001,-8.613190921,-7.910520286,-5.635756486,-3.80733035,-3.696624623,-3.116446424,-2.496270927,-3.301141448,-14.15054934,-6.417344974,-3.1970326,-2.771705814,-2.649524998,-2.738530508
Kazakhstan,no data,no data,no data,no data,no data,no data,no data,no data,no data,no data,no data,no data,1.92388776,3.996048749,3.287320031,6.077754759,7.652628519,5.134414782,1.227135161,-1.328048731,1.469692441,5.811035754,4.430881585,4.945693553,2.48184788,-6.259289215,-4.50321692,-4.265508721,2.579564376,-0.569542915,-5.27428541,-3.327078287,-2.056583646,-1.526203739,-1.649198091,-1.815369509
Kenya,-4.367288764,-8.736802332,-11.02078544,-11.41802841,-5.515622605,-0.305790725,-0.653042382,-1.207465791,-0.036254205,0.637946455,-0.047752176,-1.269346361,-2.628237333,-1.637685404,-0.046410161,-1.405019067,-2.041197684,-2.417758137,-3.379314233,-4.340435857,-4.411461707,-4.116999259,-5.031750353,-5.696469697,-7.390232007,-8.089112641,-8.467459845,-7.835796284,-7.376153972,-7.734219845,-8.385021569,-8.527109989,-7.948469114,-7.554263091,-7.195359392,-7.001512891
"Korea, Republic of",no data,no data,no data,no data,no data,2.235069236,2.3779115,2.393903489,1.130435017,1.187209296,4.04960052,2.507869282,3.34599568,1.563930596,0.089544783,0.823063148,1.032556137,2.07497016,1.457175802,0.016879112,1.466794701,1.622327273,1.49005497,0.618971959,0.397084576,0.521646175,1.645929309,2.188104896,2.563017051,0.37284271,-3.234657409,-2.329830307,-2.659047873,-2.688292222,-2.539318267,-2.539318267
Kuwait,-31.98309551,-151.3092102,-49.5784742,-15.74735142,-9.137834755,-1.856684928,11.60661284,17.16600179,6.87881344,15.15433654,31.61395897,28.67138936,19.33535798,17.30812284,22.21186677,43.30384488,31.89476492,37.41125072,20.16402332,27.51296102,25.96242005,33.28149059,32.42760018,34.11377977,22.36400029,5.593411959,0.302033103,6.266075248,9.044989453,5.380988076,-8.492280259,-10.6920606,-7.163578825,-5.176609302,-4.185900358,-3.366370828
Kyrgyz Republic,no data,no data,no data,no data,no data,-13.51701149,-9.095616879,-9.304490651,-11.96466933,-13.52278393,-10.69669466,-6.747459221,-5.900032633,-5.1693277,-4.891663885,-3.789101182,-2.095369146,1.276876611,1.924070328,0.377512204,-5.946895222,-4.70461583,-5.861999576,-3.699422342,-3.068269881,-2.516820407,-5.79019542,-3.732926298,-0.590098958,-0.139177411,-7.28200586,-5.455208866,-2.999576421,-2.999581721,-2.999533246,-2.999582006
Lao P.D.R.,no data,no data,no data,no data,no data,no data,no data,no data,no data,no data,-3.575557095,-3.682978912,-2.84963731,-3.885364168,-1.810420158,-2.541263726,-1.481897626,-1.123091609,-1.857968543,-3.095611839,-1.46913684,-1.429071373,-2.343219608,-4.030674231,-3.132231383,-5.570364601,-5.060118303,-5.489469166,-4.663214939,-5.015736305,-6.423087212,-5.729587507,-4.95576702,-4.440078862,-3.795731034,-3.677998792
Latvia,no data,no data,no data,no data,no data,no data,no data,no data,-0.642413705,-3.450186279,-2.509553484,-1.991208326,-2.511863584,-1.597142318,-0.997483784,-1.025790578,-0.458924734,0.596776767,-3.145891157,-6.983326227,-6.469931941,-3.184649573,0.175013806,-0.559569227,-1.679630015,-1.529113583,-0.399849701,-0.827203231,-0.740378444,-0.383128182,-5.431201019,-3.257230336,-1.373787336,-0.830927236,-0.722800539,-0.812558831
Libya,3.462776071,8.682763739,0.109828818,-5.958867929,-2.752523274,3.918742602,11.68153493,-2.172103915,-2.438425501,5.874506244,14.0769253,0.069042123,7.215356957,6.363470207,11.67475405,31.35546307,31.80687234,28.58098021,32.50206406,-6.53411762,12.53399402,-17.23662631,28.55622233,-5.108009164,-73.81037219,-130.7958341,-113.1803885,-43.46394813,-0.194252024,2.192646688,-102.937721,-43.22320402,-33.21635167,-29.38281045,-29.88135878,-28.4298756
Lithuania,no data,no data,no data,no data,no data,-4.026633633,-4.244809966,-1.70475732,-5.59576773,-8.282333757,-3.98026584,-3.616960138,-1.793871961,-1.26544995,-1.532122262,-0.504435242,-0.446592548,-0.998290802,-3.265734502,-9.328661786,-6.918585906,-8.95527348,-3.148478132,-2.618708031,-0.664937282,-0.207921376,0.259170603,0.454230375,0.600471894,0.26696784,-6.715363807,-3.803142686,-1.435575273,-0.231821885,-0.239657428,0.045307178
Luxembourg,no data,no data,no data,no data,no data,2.695634317,2.324127023,2.645244999,2.972374657,3.229116323,5.528763871,5.682735992,2.021940888,0.259662896,-1.405738218,-0.214111371,1.926154228,4.407350426,3.528856367,-0.245020486,-0.391509739,0.634316083,0.481273845,0.820008817,1.300567593,1.292979269,1.813105097,1.300731155,3.083104786,2.145276094,-6.980298288,-1.694756873,-1.206654403,-0.271902278,-0.056633677,0.001118232
Madagascar,-0.494167309,-4.398129484,-5.003861736,-6.33821748,-7.232908359,-5.087550777,-3.970637581,-1.997251403,-5.307739179,-2.420563572,-2.35253754,-3.614406154,-4.092046062,-3.321644201,-4.232413882,-2.474755887,-3.029672814,-2.307582103,-1.723202612,-2.261323331,-0.760375833,-2.043157171,-2.237311654,-3.402964519,-1.960686063,-2.850272851,-1.107233859,-2.102886554,-1.329076274,-1.418797456,-5.520191499,-5.338910557,-5.162266962,-4.840795232,-4.448715389,-3.979113726
Malaysia,0.149006252,1.601570994,1.80547431,3.439744485,5.448558356,3.102752362,3.269790264,4.840118079,-0.627248857,-3.002698643,-6.052531378,-4.360678479,-3.959800368,-4.596958967,-3.35346367,-2.832840099,-2.601963366,-2.57083038,-3.404737749,-5.879790486,-4.319070489,-3.567623431,-3.102877242,-3.478227832,-2.62843747,-2.545870347,-2.602892821,-2.411756295,-3.306807817,-3.694462409,-6.532189964,-4.672712751,-3.597374232,-3.567552828,-3.177543772,-3.143867701
Mali,no data,no data,no data,no data,no data,no data,no data,no data,no data,no data,-2.642545499,-2.798265618,-3.094188867,-1.187494832,-2.359850541,-2.764112925,27.78299183,-2.784249125,-1.976787138,-3.716855482,-2.567534579,-3.416808715,-0.956306003,-2.371998742,-2.886447098,-1.821700478,-3.942313696,-2.861651794,-4.770234983,-1.679794868,-6.2,-4.5,-3.5,-3.5,-3,-3
Malta,no data,no data,no data,no data,no data,no data,no data,no data,no data,no data,-5.804955424,-6.49114747,-5.647092589,-9.08820889,-4.38153106,-2.608904816,-2.50971543,-2.134612904,-4.12986034,-3.17589946,-2.316674599,-2.378477422,-3.393324154,-2.334994263,-1.69807166,-1.042342931,0.935628476,3.241192498,1.898171391,0.530244671,-9.395296189,-3.870130052,-2.621338245,-2.681347798,-2.912267566,-2.6120361
Mexico,-3.295164066,1.580155469,2.393153801,-1.603235986,-2.365070307,-2.4049466,-3.843877311,-3.63633337,-4.755545774,-4.721342042,-2.814772249,-2.706675653,-2.290238431,-2.355481126,-1.410305664,-1.49938925,-1.282297332,-1.527124003,-0.712951316,-4.125045437,-3.975055986,-3.335840311,-3.726329406,-3.707050792,-4.534639653,-3.995195071,-2.765296443,-1.063277068,-2.197873664,-2.348649755,-5.8,-3.4,-2.6,-2.5,-2.5,-2.5
Moldova,no data,no data,no data,no data,no data,-2.583014839,-7.42327153,-7.470582793,-1.521632104,-2.639090816,-3.546063797,-0.344750246,-1.178997491,0.469967723,0.592848783,1.440722637,-0.418723607,0.148232521,-0.870607993,-6.382820742,-2.178254279,-2.049645065,-1.930739998,-1.565176163,-1.585012059,-1.942798789,-1.546563908,-0.639923024,-0.848874383,-1.438703767,-8.002173221,-4.299497693,-2.994167168,-2.563041595,-2.411981198,-2.411981198
Mongolia,-8.01350114,-5.446194398,-6.932093531,-11.41436369,-8.330095484,-4.250287704,-5.888656331,-6.924197871,-10.55476539,-8.476684765,-4.980202315,-3.696275062,-4.047565821,-2.894600249,-1.389614878,2.434672847,7.584876059,2.638636392,-4.521413161,-5.19880082,0.425427465,-4.013807862,-6.243683945,-0.927077623,-3.725394185,-4.987286218,-15.28759891,-3.783672655,2.969138134,0.926411721,-11.47695351,-4.870184506,-4.082435326,-3.293812997,-3.271182523,-3.132134552
Morocco,-1.433145614,-0.970024612,-1.995969005,-2.16558227,-2.717551033,-2.747989149,0.938858423,1.621947509,1.591024575,3.469156326,-2.13554391,-4.101552088,-4.727871244,-4.052805076,-3.585775717,-5.903622979,-1.948366328,-0.125774634,0.677363559,-1.763163193,-4.255551826,-6.574812121,-7.176977665,-5.088298217,-4.848407566,-4.170516727,-4.483973514,-3.493079896,-3.736125805,-4.127249686,-7.79176126,-6.015037299,-4.464189249,-3.844649909,-3.085247907,-2.533015006
Mozambique,-4.416018221,-2.088883825,-1.919805582,-2.61214792,-4.155241812,-2.542285093,-2.006637249,-1.771418683,-1.063193591,-0.335063401,-1.345272019,-4.717454074,-3.560332015,-2.774347028,-3.313279622,-2.144803366,-3.153150603,-2.272396879,-1.947086807,-4.479363938,-3.503134409,-4.407616024,-3.616077257,-2.58857705,-10.26184504,-6.660682449,-5.482624518,-2.923381673,-6.845086817,-0.149602114,-7.060710294,-5.265086683,-3.433145225,-1.497304507,-1.023701404,-0.713236498
Myanmar,no data,no data,no data,no data,no data,no data,no data,no data,-4.622900532,-4.212561832,-5.582052414,-5.830279334,-3.724490867,-3.918043545,-4.25465022,-3.2544523,-3.209235599,-3.295766863,-2.579214272,-3.309889667,-4.960256178,-4.429778982,-2.651441533,-1.717432423,-1.315294769,-2.783192624,-3.867961198,-2.857958975,-3.402397295,-3.915735313,-6.016403073,-6.45347002,-5.579531657,-4.950646337,-4.711723938,-4.17936057
Nepal,no data,no data,no data,no data,no data,no data,no data,no data,no data,no data,-1.688982382,-2.684784875,-2.810845908,-0.385748622,-0.164074411,0.279405381,0.268424303,-0.765776256,-0.331838455,-2.552142277,-0.766435568,-0.817550689,-1.342187211,1.810077227,1.531011327,0.656744023,1.351962048,-3.093908312,-6.651135241,-4.561490034,-7.928401246,-6.730031147,-4.72582668,-4.398663735,-4.137625768,-4.043775703
Netherlands,-4.08309537,-2.055636862,-3.126565697,-3.139122005,-3.539703624,-8.731683189,-1.822850925,-1.582729524,-1.353808697,0.253421669,1.165468676,-0.475636101,-2.129158294,-3.142294417,-1.825289163,-0.39645442,0.099393375,-0.091897217,0.201329423,-5.086245803,-5.246195558,-4.426939583,-3.918427606,-2.928703046,-2.152004289,-2.024614207,0.020894009,1.2601843,1.492660729,1.662628803,-8.756912266,-4.903167924,-1.991520602,-1.116714162,-0.422747676,0.23312501
New Zealand,-2.762974199,-6.173813082,-6.298670587,-1.555630432,1.965570138,3.669880321,2.549531459,1.208740383,-0.504845435,-1.140178718,0.144959928,1.26158068,2.526050958,3.654916853,4.467462003,5.105889533,4.591862351,3.568282203,1.444586273,-1.840971712,-5.400221339,-4.909528926,-2.201746955,-1.296758542,-0.43964313,0.316496062,1.023408856,1.287796702,1.428019745,-2.946092894,-9.247950936,-8.721287299,-5.730576642,-3.774272997,-2.22264707,-1.381879916
Nicaragua,no data,no data,no data,no data,no data,no data,no data,no data,no data,no data,2.094630345,0.28508935,2.014781229,1.238227126,1.664438922,1.686866131,1.009283601,1.303952994,-0.422148027,-1.483188494,-0.129158975,-0.059152709,-0.14968831,-0.710709796,-1.270881633,-1.441587326,-1.699741653,-1.576352911,-2.983194701,-0.450612302,-4.272329309,-3.006535717,-0.960844417,-1.037165067,-2.182827162,-2.711352648
Niger,no data,no data,no data,no data,no data,-3.176745733,-0.35916423,-2.378834246,-2.2244929,-4.260080341,-2.819048162,-2.580375971,-2.206910928,-2.16769329,-2.754227097,-1.522980005,30.95612399,-0.744615765,1.108066113,-3.915901871,-0.982731466,-2.189399477,-0.828344327,-1.92878951,-6.10453222,-6.74624365,-4.462780701,-4.115071116,-2.999005041,-3.559473748,-4.823021001,-4.738798208,-3.16528451,-2.477847058,-2.521302524,-2.452622165
Nigeria,-0.671176415,-1.662685198,1.326477091,-8.554766999,-4.165606738,3.550315156,4.748212483,1.599203981,-4.892000471,-1.95844854,4.065055724,-3.221992192,1.342477322,-2.195152295,5.488352319,4.90767945,8.759047318,-1.116384672,5.696888121,-5.325943344,-4.171340307,0.431870795,0.346283752,-2.236676287,-2.038719837,-3.164689497,-4.012719934,-5.39972912,-4.306347711,-4.7565371,-6.739285481,-4.972266219,-5.091638001,-4.423276782,-4.526231421,-4.587732815
Norway,1.954306844,-0.118882445,-2.065565195,-1.643094446,0.041252456,2.961094771,6.007766543,7.352170523,3.066914658,5.718314222,15.06484511,13.20765452,9.040656594,7.21152333,10.85635607,14.76366429,17.93764969,17.09533724,18.63275965,10.2394048,10.92272019,13.34841799,13.76254068,10.66825474,8.622987544,6.022368448,4.055584175,4.998510036,7.2227446,7.778150904,-1.785540708,2.044278426,4.090785815,5.014884642,5.559317406,6.188101652
Oman,5.475417863,0.133255366,-5.559660812,-7.835942379,-8.557175068,-4.470049556,2.542619295,5.470941785,-5.009779545,0.346682163,13.87570662,8.613198442,6.084632426,6.7678813,6.222722079,12.80515884,13.98794212,12.03819464,16.79723032,-0.310174628,5.634421544,9.387001243,4.647168249,4.677535108,-1.079853429,-15.94333101,-21.30887744,-13.95938095,-7.893316937,-7.06175951,-18.7073027,-16.82437943,-10.88380509,-9.980222887,-9.178345517,-8.434167947
Pakistan,no data,no data,no data,-6.897557599,-4.52704343,-4.864803128,-5.408752701,-4.824587389,-5.569636725,-3.830270866,-4.009391436,-3.059927898,-3.313423367,-0.147633917,-1.616841835,-2.814233268,-3.285768534,-5.116785172,-7.059466964,-5.047740832,-6.012626895,-6.729992274,-8.630878208,-8.368800612,-4.852154379,-5.253838203,-4.415687184,-5.759393372,-6.422849558,-8.98421771,-8.011291001,-6.710273511,-5.152040001,-3.99086696,-3.483958725,-3.150350022
Papua New Guinea,-2.035210175,-0.622997313,-4.332955731,-4.904576711,-1.00921829,1.077478842,2.05453547,0.672905271,-0.164736521,-1.936498923,0.303521225,-1.329111155,-1.749991285,0.187883002,2.025059805,2.849152348,5.337371913,6.899333849,2.734141083,-5.482534833,3.062360766,2.215389454,-1.189962176,-6.869744309,-6.265024183,-4.549699417,-4.746228317,-2.47470941,-2.587121448,-4.963902521,-6.265670886,-5.35202645,-4.479966393,-4.139729854,-3.683030379,-3.384949061
Peru,no data,no data,no data,no data,no data,no data,no data,no data,no data,no data,-2.115749849,-2.153764492,-1.403800951,-1.622006561,-1.032734878,-0.435681849,2.02912779,3.348358349,2.679829446,-1.388687831,0.122106823,2.011857978,2.0517802,0.735140082,-0.228065723,-2.124992129,-2.253786258,-2.934970883,-2.001012179,-1.365615006,-9.408163974,-4.30926836,-3.23029458,-2.580804898,-2.047621683,-1.69767775
Philippines,-1.505651329,-0.258926753,-0.429793722,0.622953871,-0.441070259,-0.015911307,0.533355997,0.364941248,-1.302317721,-2.276246764,-3.273769477,-3.494121809,-3.706824254,-3.491060452,-2.807019248,-1.624638178,-0.046357841,-0.284924301,0.016475724,-2.568889507,-2.253638815,-0.304079353,-0.29399883,0.187422363,0.826417643,0.585938333,-0.353222391,-0.371970855,-1.552480186,-1.780809383,-8.063163203,-7.307350338,-6.269790575,-6.212712362,-6.209939182,-6.060124937
Poland,no data,no data,no data,no data,no data,-4.414393015,-4.865023277,-4.63107399,-4.275772801,-2.311381374,-2.981482526,-4.785894368,-4.845742156,-6.077098578,-5.043921533,-3.961814618,-3.557361724,-1.852922951,-3.600188824,-7.252678125,-7.396815203,-4.879552833,-3.741590284,-4.181917327,-3.64616404,-2.615841451,-2.372878897,-1.467865429,-0.232640778,-0.740206091,-10.46387853,-4.336758178,-3.172056414,-3.923766999,-3.847618292,-3.830419469
Portugal,-6.921870641,-8.03640785,-5.305873018,-8.165886675,-7.46772535,-5.241844756,-4.749573669,-3.707100488,-4.273798555,-2.987588135,-3.397991191,-4.783155957,-3.78190486,-5.615678051,-5.969340853,-6.106434012,-4.086881783,-2.935813265,-3.699584652,-9.872561589,-11.39839197,-7.663219876,-6.179761681,-5.104507946,-7.309121388,-4.346235001,-1.935023256,-2.956013683,-0.442476633,0.190230717,-8.351069595,-2.711283024,-1.560670795,-0.708523031,-2.260203886,-1.786984021
Qatar,3.226321144,-2.569254883,-2.736188336,-9.527796864,-11.80037732,-5.778996823,-8.728482968,-9.403828544,-7.00064473,-4.352842522,4.621880259,4.480566346,7.890903742,6.710575951,18.31647374,10.62580033,9.253858429,11.16837101,10.2718417,16.13574162,7.086019137,7.327261726,10.52525815,21.55934531,15.40426287,21.7128568,-4.81856885,-2.488033925,5.922438279,4.927388971,3.028858939,3.332071483,6.492797629,7.420496941,8.708413836,10.1154537
Russian Federation,no data,no data,no data,no data,no data,no data,no data,no data,-7.42350776,-3.586600528,3.107075867,2.991244534,0.672593623,1.350124439,4.57475069,7.596959645,7.803539032,5.585366969,4.5494902,-5.888910069,-3.193876296,1.431818865,0.382340506,-1.162177877,-1.069955791,-3.386425437,-3.670081601,-1.468925954,2.901867216,1.921939155,-5.284872277,-2.57396741,-0.997122254,-1.02955654,-1.003090713,-0.546264006
Rwanda,no data,no data,-8.549044387,-7.831243424,-11.32170649,-2.420604588,-5.937815527,-2.634245935,-3.07284749,-5.234706434,-0.260414263,-2.114487871,-2.367202008,-1.427573011,2.58753068,1.277366914,-0.028917915,-1.550127585,0.822468957,0.258182942,-0.636022315,-0.856973535,-2.370681284,-1.264318389,-3.900358956,-2.668572558,-2.25952923,-2.516651162,-2.575334791,-5.192619558,-7.715834147,-7.05001182,-4.114746457,-3.509292697,-3.890421936,-3.703284638
Saudi Arabia,no data,-3.281244525,-8.121051674,-9.326964648,-8.311637825,-5.122763095,-3.246769184,-2.505737733,-8.875224296,-5.99137324,3.184129145,-3.905922395,-5.906988551,1.198598198,9.71788156,17.98693164,20.82287441,11.78360187,29.8019056,-5.383449023,4.391630004,11.55399966,11.93297628,5.638504695,-3.541991719,-15.83843806,-17.20347219,-9.236122155,-5.870572371,-4.452477073,-10.56392043,-5.964604535,-4.037947866,-2.868461134,-1.626002526,-0.401862898
Senegal,no data,no data,no data,no data,5.708183287,2.348440803,0.905299388,0.972208787,0.928940197,-0.622868312,0.788395262,-1.517749638,0.196952249,-0.520086861,0.182451006,-0.262599063,-3.615586269,-2.737063179,-3.496986198,-3.625166582,-3.911081087,-4.90028368,-4.146118768,-4.324716266,-3.386812365,-3.663397441,-3.27210404,-2.968032331,-3.643554693,-3.82464206,-6.23375267,-4.484675268,-2.970324822,-2.977994471,-2.999682363,-2.980794776
Singapore,1.965814016,0.681668507,2.701406574,4.356950718,7.904685911,4.803523194,1.982856985,5.663036098,2.413933157,5.203832731,4.592846764,1.196592559,2.232090069,0.678051636,2.059766049,2.555514611,2.159889319,7.120218448,3.589224189,-0.09373346,5.685498484,7.96190982,7.33677274,5.962163662,4.599847214,2.863210298,3.656912747,5.34118582,3.716766321,3.840284867,-10.77342596,1.16488363,2.367652801,2.504390331,2.618029495,2.613695939
Slovak Republic,no data,no data,no data,no data,no data,-3.473360448,-9.815775499,-6.266330282,-5.297117442,-7.172994304,-12.63095723,-7.220613697,-8.220598242,-3.120087947,-2.316389931,-2.874284945,-3.578512954,-2.05039952,-2.523385197,-8.14938935,-7.455990272,-4.455840392,-4.36708499,-2.869611997,-3.109800317,-2.672076351,-2.476113146,-0.952423771,-1.049707664,-1.295249503,-8.838585155,-4.591642551,-3.826675802,-2.916128169,-2.688728643,-2.544440469
Slovenia,no data,no data,no data,no data,no data,-8.147110067,-1.095716744,-2.306941784,-2.326111596,-2.971567227,-3.645023895,-4.450602193,-2.374238808,-2.594745699,-1.941132611,-1.324123434,-1.231001929,-0.049039873,-1.393777834,-5.813007345,-5.599784402,-6.629230462,-3.99467083,-14.57852709,-5.507210178,-2.847428486,-1.934767853,-0.048153981,0.720580136,0.542425417,-8.819925126,-2.809538429,-0.767404851,-0.220904351,-0.036081,0.143972492
South Africa,no data,no data,no data,no data,no data,no data,no data,no data,no data,no data,-1.538852566,-1.131747336,-1.071033093,-1.785391903,-1.168230183,-0.115329187,0.911489131,1.355834395,-0.535420152,-5.202270775,-5.026295181,-4.076716548,-4.425801537,-4.267668745,-4.263063401,-4.774586852,-4.06723149,-4.379609738,-4.144318137,-6.253952813,-14.04324023,-11.14071072,-7.865604931,-5.621532797,-4.245300853,-3.075510032
Spain,-3.905180059,-4.584653708,-4.269929251,-6.89839034,-6.322850298,-6.80183734,-5.888375551,-3.866533741,-2.631692888,-1.238329325,-1.16076073,-0.454926083,-0.316722522,-0.375062635,-0.095178588,1.231564543,2.124079644,1.88621705,-4.572251048,-11.27591944,-9.526628377,-9.739575451,-10.73572955,-7.035932839,-5.915373422,-5.176922577,-4.305196438,-3.024241788,-2.536614337,-2.826156259,-14.092212,-7.51234321,-5.840991564,-4.732578312,-3.928992847,-4.372810098
Sri Lanka,-6.603734071,-8.241035999,-5.11819426,-5.969015138,-7.654956361,-7.349573635,-7.124405304,-5.902672395,-7.014124789,-5.772005134,-8.039779604,-8.76587081,-7.136968964,-6.359469097,-6.535800554,-6.133071954,-6.112424215,-6.003815506,-6.129922412,-8.608197091,-6.954132955,-6.235896799,-5.599382442,-5.185399481,-6.231145555,-7.012643393,-5.337791899,-5.503363832,-5.295582902,-8.181079717,-9.628885327,-8.09300937,-7.640206823,-7.725535815,-7.529169957,-7.391809032
Sudan,-16.20748934,-26.47715974,-24.51715076,-8.042200486,-3.032347236,-3.480034403,-2.610483092,-0.590306825,-0.561008989,-0.799562008,-0.69807111,-0.766880761,-0.685290221,0.768410924,0.156031096,-1.875672021,-1.323350301,-2.841968725,0.491470457,-3.795780858,0.110568158,-2.326719469,-7.366593852,-5.759499899,-4.717110377,-3.823910618,-4.562327214,-6.454332077,-7.924040001,-10.88478695,-6.831422276,-4.250207906,-2.621374609,-2.418140185,-1.987892494,-1.554964735
Sweden,3.707465734,0.305510724,-8.457138966,-10.82439357,-8.729767966,-6.973142582,-3.091031949,-1.54972307,0.845833885,0.633121572,3.14697874,1.412292295,-1.421756078,-1.234339578,0.351636672,1.834235445,2.233965944,3.335052065,1.907595949,-0.710859409,-0.045976291,-0.229109916,-1.008739847,-1.395934937,-1.525798138,-0.002487988,0.991861665,1.431516851,0.813784379,0.403580306,-5.899341215,-1.966864732,-1.51625995,0.296863763,0.283935778,0.315049833
Switzerland,-0.047211496,-1.902017309,-3.05005072,-3.238268491,-2.668866395,-1.913635699,-2.07491655,-2.400236315,-1.343479463,-1.615874169,0.289252401,0.213453587,-1.792166675,-1.393516575,-1.427707694,-0.66103484,0.867103741,1.610297727,1.980548584,0.509149404,0.36349566,0.699258065,0.241755187,-0.443564455,-0.253055468,0.557048873,0.244068059,1.155611414,1.318735644,1.474325901,-4.208118192,-1.419890907,-0.615824915,-0.250945882,-0.050945882,0.049054118
Tajikistan,no data,no data,no data,no data,no data,no data,no data,no data,-4.745749415,-4.03175014,-5.554753176,-3.18848011,-2.441323133,-1.762024288,-2.368758614,-2.898959988,1.705167011,-5.533871224,-5.061223837,-5.229057329,-2.97868327,-2.14166638,0.589504209,-0.901501823,-0.126173413,-1.972164486,-9.031854513,-5.964997936,-2.780653281,-2.099376548,-5.998675279,-4.443109989,-2.565500756,-2.500008474,-2.506894489,-2.500889393
Tanzania,no data,0.604511181,-4.958785044,-2.023239438,-3.737071552,-2.117470592,1.570933934,-0.026471672,0.132649965,-1.138976744,-0.730489235,-0.414088584,-0.726687209,-1.774952997,-2.433816886,-3.276093708,-3.384862935,-1.444448973,-1.919497985,-4.418157657,-4.700469083,-3.513895779,-4.060165285,-3.809762924,-2.911427175,-3.168578522,-2.083237982,-1.158023831,-1.931632916,-1.716202612,-1.859820768,-2.780704277,-2.706593187,-2.498486909,-2.396550104,-2.225419539
Thailand,no data,no data,no data,no data,no data,3.054326747,2.749301283,-1.680828895,-6.292091253,-9.017192244,-1.792068001,-1.768093556,-6.722498641,1.978324178,1.105924705,2.17304018,1.866659795,0.219944574,0.801032877,-2.213973862,-1.069704512,0.094141532,-0.860479551,0.515540594,-0.800923002,0.132379482,0.569331943,-0.424927448,0.064084981,-0.81618059,-5.210684039,-4.921339312,-1.744707136,-1.924994973,-1.917763598,-1.892061806
Turkey,no data,no data,no data,no data,no data,no data,no data,no data,no data,no data,-8.369958562,-11.66831799,-11.3393584,-7.571834758,-4.121585639,-0.74895477,-0.685448109,-1.926481724,-2.639953132,-5.839281542,-3.401589102,-0.68169647,-1.817412268,-1.458263056,-1.422647354,-1.258540182,-2.337884364,-2.182604204,-3.653836931,-5.648127609,-7.87802356,-7.928725757,-8.093177114,-7.678335785,-7.384179572,-7.424666042
Uganda,no data,no data,no data,no data,no data,no data,no data,-0.82914947,-0.704580448,-1.23720658,-0.623678685,-0.993817731,-2.068174876,-0.96912042,0.342505422,-0.16996894,-0.637013441,-0.815082587,-1.994766341,-1.609836154,-4.644662136,-2.042710281,-2.385337726,-3.190482822,-2.740455131,-2.550015241,-3.564368164,-2.747595564,-2.735129038,-5.015195154,-6.551615767,-6.946210933,-6.963468881,-6.985538195,-5.677015844,-4.961382065
Ukraine,no data,no data,no data,no data,no data,-4.72142058,-3.093274027,-5.373913832,-2.687960264,4.954458362,-3.186267271,-3.031377244,-1.84119974,-0.893075984,-4.414977932,-2.276962102,-1.364704915,-1.967389628,-3.138849767,-6.271518025,-5.772013794,-2.76155758,-4.307064511,-4.784336315,-4.459976275,-1.159825106,-2.228727628,-2.190798049,-2.149744766,-2.042122485,-7.81,-5.25,-3.5,-2.4,-2.4,-2.4
United Arab Emirates,no data,3.849477211,3.320871641,-2.815853365,-1.781910771,3.571049414,0.940779063,6.796592812,1.021849176,1.330557806,10.56730307,1.205323596,-1.237840424,2.351606238,6.399659328,15.98705496,20.15003593,17.12373086,17.63733116,-6.126623158,0.550781008,5.315724187,9.005543246,8.394936711,1.911034895,-3.363278172,-2.819397859,-1.950218325,1.92871721,-0.763110023,-9.899105513,-5.05159238,-3.707484221,-2.906826632,-2.527320952,-2.216847423
United Kingdom,-1.391806134,-2.651790068,-5.461830018,-6.676261761,-5.747471491,-4.97469894,-3.547002188,-1.996354036,-0.328089324,0.626988187,1.360012121,0.21386986,-1.872835652,-3.132229269,-3.070914336,-3.148307567,-2.770178511,-2.657663471,-5.145632106,-10.08218088,-9.279585499,-7.507779622,-7.639459914,-5.526205187,-5.557086197,-4.591276731,-3.347769306,-2.45150403,-2.263904745,-2.204424007,-16.46343145,-9.193219953,-7.081112397,-5.773792627,-5.106899958,-4.446460481
United States,no data,no data,no data,no data,no data,no data,no data,no data,no data,no data,no data,-0.536768469,-3.811844794,-4.763547662,-4.23837527,-3.068892447,-2.029373996,-2.910243826,-6.630047934,-13.19684855,-11.02441694,-9.703224042,-8.028126727,-4.56396358,-4.057772244,-3.555532588,-4.364096217,-4.591435541,-5.786386246,-6.349296934,-18.71772878,-8.672604021,-6.489060206,-5.552237985,-5.405676067,-5.497479069
Uruguay,no data,no data,no data,no data,no data,no data,no data,no data,no data,-3.012186922,-3.009152679,-3.111705015,-3.476372388,-2.393224195,-0.947073129,-0.300823137,-0.701378655,-0.17100839,-1.424153749,-1.520491225,-0.422520279,-0.364157376,-2.370419816,-1.878622529,-2.836202581,-2.025829589,-2.902521635,-2.704772052,-2.025297585,-3.004186366,-5.768929948,-4.018071959,-3.574428091,-3.128518982,-2.806805617,-2.709141062
Uzbekistan,no data,no data,7.34216425,-12.22770643,-4.576001814,-1.810455706,-1.664227399,-2.171218017,-3.220465048,-3.080230489,-3.875061334,-3.473917387,-6.691234869,-5.162587161,-3.964310701,-3.731083031,2.884551488,3.766072823,6.327200344,1.927152303,2.730810106,5.440980555,6.24491205,2.312358412,2.0514632,-0.254890163,0.80947904,1.288387165,1.742951528,-0.25735484,-4.137857183,-2.685139303,-1.802512362,-1.046014573,-0.663840175,-0.616724393
Venezuela,3.837691511,-2.276180348,-6.367893672,-2.920910866,-11.18743968,-5.864383715,7.939882773,2.577187545,-4.489350282,0.742750787,4.449624304,-4.593408018,-1.48231228,0.171416445,2.470453084,4.094750866,-1.604650049,-2.815425963,-3.46101926,-8.685966478,-4.73949128,-8.243967775,-10.4465382,-11.26458124,-15.55323382,-10.65156915,-10.81212977,-22.99085952,-31,-9.999465768,no data,no data,no data,no data,no data,no data
Vietnam,no data,no data,no data,no data,no data,no data,no data,no data,-0.099042296,-1.245925619,-1.60529925,-2.192236998,-1.854854771,-2.558550073,-0.149638141,-0.954019503,0.200491641,-1.738759439,-0.447228868,-4.824318783,-2.250905932,-0.900955874,-5.46226463,-5.964025798,-5.016688996,-4.983205301,-3.163962021,-1.963997571,-1.022605752,-3.294185678,-6.02236079,-5.171771439,-4.524036044,-4.120541744,-3.87748834,-3.304144809
Yemen,-10.2734853,-5.761653995,-10.9048328,-12.79583453,-14.02725769,-5.739307577,-0.917932172,-1.502049329,-7.771003278,0.060175298,6.08732201,2.787014748,-0.555482488,-4.200715724,-2.152456222,-1.821754146,1.186180547,-7.183132372,-4.531695393,-10.21097569,-4.058458583,-4.506747746,-6.31517652,-6.897118695,-4.136083974,-8.749793204,-8.525614047,-4.904564229,-7.848562754,-5.31944684,-9.210897916,-6.041757581,-4.557229898,-4.956929781,-3.036740266,-2.132045618
Zambia,no data,no data,no data,no data,no data,no data,no data,no data,no data,no data,1.160610163,-5.892186391,-4.498904659,-5.314294719,-2.508440648,-2.372064414,16.91274579,-1.036850222,-0.667891772,-2.057125339,-2.432209004,-1.783438537,-2.831718812,-6.207747691,-5.798845179,-9.539029619,-6.097491444,-7.587781846,-8.427612471,-8.142850247,-5.996931736,-5.036359965,-3.955500406,-2.877669085,-1.975177558,-0.062436748
Zimbabwe,no data,no data,no data,no data,no data,no data,no data,no data,no data,no data,no data,no data,no data,no data,no data,-5.26517148,-2.14951619,-2.523453985,-1.804189355,-2.175792257,0.618568643,-2.163948026,0.806975674,-0.620527424,-0.420596268,-1.418291592,-6.241511596,-8.113188453,-4.498821028,-1.64893392,-1.847507269,-0.817953284,0.138267179,0.218380928,-0.112793652,-0.373099001
Advanced G-20,no data,-2.608441616,-3.368802933,-4.591400145,-4.578630663,-5.45167645,-4.057269141,no data,no data,no data,no data,-1.90588484,-3.916355322,-4.495959925,-3.804832799,-3.06445368,-2.038365338,-1.984141292,-4.263005037,-9.47852908,-8.402836707,-7.031638607,-6.087545807,-4.100107094,-3.430429572,-2.886292646,-3.111875178,-2.948514638,-3.317156517,-3.982679807,-15.47096794,-7.465284658,-5.049692562,-4.169472881,-3.888521221,-3.832519708
Advanced economies,no data,-2.69390878,-3.571407256,-4.716520245,-4.531154022,-5.339342027,-3.783279601,-2.356203795,-3.805169804,-2.341704918,-2.333313332,-1.65431978,-3.51880586,-4.02054024,-3.281625329,-2.468025286,-1.413246099,-1.271119062,-3.550066609,-8.736682171,-7.732471036,-6.323210501,-5.524146913,-3.73032478,-3.116015718,-2.624126936,-2.68081033,-2.384032503,-2.691074733,-3.299359105,-14.38738758,-6.899963683,-4.588794329,-3.72120323,-3.427063713,-3.348095634
Emerging G-20,no data,no data,no data,-2.565463031,-3.057496097,no data,-3.223123318,-3.467670656,-4.890638139,-4.294460138,-3.165951379,-3.769434316,-3.98981962,-3.392325005,-1.390014555,-0.180907948,0.249092281,0.069072898,0.547433529,-3.79351381,-2.485193749,-1.081096603,-1.216082299,-1.823580095,-2.581763322,-4.451861066,-4.867120757,-4.309680219,-4.289442082,-5.481815069,-11.26596188,-9.946858383,-8.982132383,-8.285560624,-7.658469842,-6.980913635
Emerging Market and Middle-Income Economies,no data,no data,no data,-2.635743968,-2.817215961,-1.968699648,-2.139937256,-2.605109406,-4.499412969,-3.456563367,-1.642664221,-2.978626439,-3.531948456,-2.754330761,-0.949508922,0.688043304,1.014951706,0.861294469,0.814009157,-3.643805349,-2.218593736,-0.939614751,-0.940249904,-1.460248055,-2.435095082,-4.264333209,-4.76225744,-4.153229932,-3.83317274,-4.909930747,-10.72011891,-9.156441337,-8.096970719,-7.474692269,-6.924378099,-6.344143474
Emerging and Middle-Income Asia,-3.61912286,-3.205730651,-3.085346341,-2.290867999,-2.55389879,-1.352584101,-1.148897483,-2.090499121,-3.466599013,-4.095444991,-4.100157185,-4.408520466,-4.633754467,-4.087284747,-3.038751636,-2.456038424,-1.98843849,-1.106726932,-1.677851945,-3.305891333,-2.158814854,-1.619003839,-1.592303477,-1.801975297,-1.860362077,-3.266049014,-3.940732163,-3.974102273,-4.522012909,-6.083889662,-11.40055936,-10.96218829,-9.991997808,-9.205075387,-8.468258461,-7.716288721
Emerging and Middle-Income Europe,no data,no data,no data,no data,no data,no data,no data,no data,-5.832683936,-2.918371217,-2.830068887,-3.161168825,-4.118181607,-3.143195785,-0.900572093,1.680382099,2.191791144,1.333553123,0.539841742,-5.772266631,-3.710440041,-0.238638414,-0.723307633,-1.488405816,-1.437561426,-2.697092963,-2.883375178,-1.841898593,0.35494924,-0.729757198,-7.178867239,-4.45783931,-3.44096074,-3.401947941,-3.318180626,-3.166898949
Emerging and Middle-Income Latin America,no data,no data,no data,-0.979786218,-2.130984307,no data,-3.574707039,-3.639680414,-5.007182962,-4.270700639,-2.53072978,-3.219154345,-2.780038881,-2.70525588,-1.023424836,-1.05424432,-1.282335012,-1.173453742,-0.828810513,-3.623111204,-3.31794645,-2.654204165,-2.85739686,-3.1729043,-5.044967258,-6.768972661,-6.174178837,-5.549906372,-5.211934486,-4.093397871,-11.08945224,-5.289173266,-4.179111832,-3.924502353,-3.821813517,-3.672118439
Emerging and Middle-Income Middle East and North Africa and Pakistan,-1.998535881,-3.298803934,-5.295931216,-7.072479798,-5.205325876,-2.027276544,0.679638695,0.550909574,-4.37824859,-0.188080097,7.001081131,1.000251965,-1.086242465,2.034186948,6.470421013,13.22046763,13.76277309,11.55668729,14.25756772,-0.953989841,3.108525336,5.192665753,6.858737089,4.962781261,-1.115722265,-7.666923588,-10.18635435,-5.74733034,-2.468852153,-3.411093239,-9.847744633,-6.996631542,-5.332088737,-4.698145825,-4.196572106,-3.624917834
Euro area,no data,-5.100464822,-5.142805968,-5.865618315,-5.057116862,-7.330581567,-4.360717729,-3.051287442,-2.445031052,-1.51339778,-1.27255729,-1.957010655,-2.672061713,-3.091343624,-2.865330616,-2.590350374,-1.50859569,-0.637202973,-2.155352296,-6.230037013,-6.270072737,-4.230265999,-3.706521069,-3.012908926,-2.460525945,-1.978580344,-1.458744176,-0.962460894,-0.457503231,-0.645093829,-10.11034574,-4.990097916,-2.661332771,-2.06074505,-1.810718587,-1.755004818
Low-Income Developing Asia,-0.403447001,0.367640504,-0.292085736,-0.392674412,-0.14037355,no data,no data,no data,-1.772994298,-1.710179822,-2.521205734,-3.360890493,-2.590873981,-2.507746758,-1.508029166,-1.662234638,-0.770140098,-1.590351448,-1.699812032,-4.047564356,-2.482231651,-2.248854629,-3.980470698,-4.264764921,-3.718963817,-4.126393914,-3.297879018,-2.736202186,-2.933946943,-4.107995313,-6.319282462,-5.669357035,-5.037604817,-4.62973921,-4.240871006,-3.894345628
Low-Income Developing Countries,-2.633945975,-2.785420909,-3.052315145,no data,-4.463116081,0.468296411,1.161457457,-0.284966318,-3.149855933,-1.987863257,-0.720312847,-2.489938192,-1.524922334,-2.233905941,0.164956323,0.208315412,3.490688934,-1.344607742,0.993163054,-3.820963261,-2.734324361,-1.241436475,-2.008918035,-3.309753632,-3.1307137,-3.731349444,-3.712212954,-3.614388715,-3.440993252,-3.998711081,-6.222847027,-5.078224327,-4.482315628,-4.083138678,-3.864544463,-3.658355179
Low-Income Developing Latin America,-2.150641075,no data,no data,no data,no data,no data,no data,0.286846072,1.96023548,-0.205588509,0.753174554,-1.930971427,-2.39081802,-2.78199739,-1.114827673,0.216055374,-0.657145905,-0.318512449,-0.906207678,-3.606937784,-2.311603424,-2.035250999,-2.795311424,-4.561800109,-3.153469019,-1.333320682,-0.721313109,-0.680709651,-1.093089122,-0.504257215,-3.933445481,-3.097807647,-0.962969034,-1.078413111,-1.463977785,-1.608285073
Low-Income Developing Oil Producers,-2.361828163,-2.806801866,-2.286789197,-9.786598962,-6.793930635,2.506102233,4.532993991,1.475900292,-4.953644174,-1.925782835,3.976773581,-2.46099514,0.724731468,-2.418193273,4.44087589,4.426020457,8.292340406,-1.204559006,5.431789491,-5.529146673,-3.585050157,0.600105627,0.047649887,-2.60087955,-2.546876118,-4.008932956,-4.714933566,-5.365944016,-4.120269968,-4.502675355,-6.661528865,-4.875146106,-4.923023803,-4.254845844,-4.308279894,-4.317448201
Low-Income Developing Others,-11.16835268,-8.807608278,-9.434752227,-11.94276382,-10.66624885,-4.105024446,-2.420897421,-2.224903663,-3.551316348,-2.248556546,-0.887964614,-1.073145419,-2.441200219,-2.109054249,-1.561422923,-2.236856778,0.194990193,-2.010846241,0.723337596,-3.322710571,-0.318510977,-0.309825175,-1.391703533,-2.523150463,-1.678293267,-3.260593079,-2.985000715,-2.77003782,-3.034534421,-3.746979643,-6.10813786,-3.883036046,-2.523010577,-2.087718409,-1.567586488,-1.348874202
Low-Income Developing Sub-Saharan Africa,no data,-3.023162612,-2.759878412,no data,-4.182493398,1.4475633,2.286285309,0.247337884,-3.651918714,-2.182202496,0.222728116,-2.327168338,-0.734640552,-2.084256427,1.401947255,1.527239523,6.086648192,-1.150948686,2.221745642,-3.827539169,-3.375469005,-0.915480252,-1.155242316,-2.960257936,-3.112921713,-3.707474051,-4.250687903,-4.482894907,-3.945699734,-4.093660627,-6.25517182,-4.860462103,-4.422798055,-4.006238657,-3.914861948,-3.792784144
,,,,,,,,,,,,,,,,,,,,,,,,,,,,,,,,,,,,
"©IMF, 2020",,,,,,,,,,,,,,,,,,,,,,,,,,,,,,,,,,,,
